mode: set
github.com/mili/moxie/main.go:16.13,17.22 1 0
github.com/mili/moxie/main.go:17.22,20.52 2 0
github.com/mili/moxie/main.go:20.52,30.4 9 0
github.com/mili/moxie/main.go:31.3,32.13 2 0
github.com/mili/moxie/main.go:35.2,35.86 1 0
github.com/mili/moxie/main.go:35.86,38.3 2 0
github.com/mili/moxie/main.go:40.2,40.20 1 0
github.com/mili/moxie/main.go:41.14,42.29 1 0
github.com/mili/moxie/main.go:43.13,44.11 1 0
github.com/mili/moxie/main.go:45.13,46.28 1 0
github.com/mili/moxie/main.go:47.14,48.29 1 0
github.com/mili/moxie/main.go:49.16,50.31 1 0
github.com/mili/moxie/main.go:51.22,52.36 1 0
github.com/mili/moxie/main.go:53.18,54.32 1 0
github.com/mili/moxie/main.go:55.17,56.31 1 0
github.com/mili/moxie/main.go:57.14,58.29 1 0
github.com/mili/moxie/main.go:59.16,60.31 1 0
github.com/mili/moxie/main.go:61.16,62.31 1 0
github.com/mili/moxie/main.go:63.34,64.37 1 0
github.com/mili/moxie/main.go:65.14,66.29 1 0
github.com/mili/moxie/main.go:67.14,68.29 1 0
github.com/mili/moxie/main.go:69.15,70.30 1 0
github.com/mili/moxie/main.go:71.16,72.31 1 0
github.com/mili/moxie/main.go:73.17,74.32 1 0
github.com/mili/moxie/main.go:75.26,76.40 1 0
github.com/mili/moxie/main.go:77.10,80.13 3 0
github.com/mili/moxie/main.go:84.19,143.2 1 0
github.com/mili/moxie/main.go:145.15,150.35 3 0
github.com/mili/moxie/main.go:150.35,152.3 1 0
github.com/mili/moxie/main.go:154.2,154.51 1 0
github.com/mili/moxie/main.go:154.51,157.3 2 0
github.com/mili/moxie/internal/browser/browser.go:25.38,33.28 3 0
github.com/mili/moxie/internal/browser/browser.go:33.28,34.77 1 0
github.com/mili/moxie/internal/browser/browser.go:34.77,36.4 1 0
github.com/mili/moxie/internal/browser/browser.go:39.2,39.18 1 0
github.com/mili/moxie/internal/browser/browser.go:39.18,40.39 1 0
github.com/mili/moxie/internal/browser/browser.go:40.39,40.75 1 0
github.com/mili/moxie/internal/browser/browser.go:41.3,41.37 1 0
github.com/mili/moxie/internal/browser/browser.go:46.2,46.77 1 0
github.com/mili/moxie/internal/browser/browser.go:46.77,48.3 1 0
github.com/mili/moxie/internal/browser/browser.go:50.2,51.66 1 0
github.com/mili/moxie/internal/browser/browser.go:56.59,58.16 2 0
github.com/mili/moxie/internal/browser/browser.go:58.16,60.3 1 0
github.com/mili/moxie/internal/browser/browser.go:61.2,68.16 3 0
github.com/mili/moxie/internal/browser/browser.go:68.16,70.3 1 0
github.com/mili/moxie/internal/browser/browser.go:71.2,74.18 3 0
github.com/mili/moxie/internal/browser/browser.go:74.18,76.50 2 0
github.com/mili/moxie/internal/browser/browser.go:76.50,77.12 1 0
github.com/mili/moxie/internal/browser/browser.go:79.3,80.18 2 0
github.com/mili/moxie/internal/browser/browser.go:80.18,81.12 1 0
github.com/mili/moxie/internal/browser/browser.go:83.3,83.40 1 0
github.com/mili/moxie/internal/browser/browser.go:85.2,85.35 1 0
github.com/mili/moxie/internal/browser/browser.go:85.35,87.3 1 0
github.com/mili/moxie/internal/browser/browser.go:88.2,88.21 1 0
github.com/mili/moxie/internal/browser/browser.go:88.21,90.3 1 0
github.com/mili/moxie/internal/browser/browser.go:91.2,92.39 2 0
github.com/mili/moxie/internal/browser/browser.go:97.51,99.16 2 0
github.com/mili/moxie/internal/browser/browser.go:99.16,101.3 1 0
github.com/mili/moxie/internal/browser/browser.go:102.2,105.29 2 0
github.com/mili/moxie/internal/browser/browser.go:105.29,108.38 3 0
github.com/mili/moxie/internal/browser/browser.go:108.38,109.12 1 0
github.com/mili/moxie/internal/browser/browser.go:111.3,111.33 1 0
github.com/mili/moxie/internal/browser/browser.go:111.33,113.34 2 0
github.com/mili/moxie/internal/browser/browser.go:113.34,115.5 1 0
github.com/mili/moxie/internal/browser/browser.go:118.2,118.65 1 0
github.com/mili/moxie/internal/browser/browser.go:124.56,126.28 2 1
github.com/mili/moxie/internal/browser/browser.go:126.28,128.18 2 1
github.com/mili/moxie/internal/browser/browser.go:128.18,129.12 1 1
github.com/mili/moxie/internal/browser/browser.go:131.3,131.42 1 1
github.com/mili/moxie/internal/browser/browser.go:133.2,133.34 1 1
github.com/mili/moxie/internal/browser/browser.go:137.43,138.39 1 1
github.com/mili/moxie/internal/browser/browser.go:138.39,139.44 1 1
github.com/mili/moxie/internal/browser/browser.go:139.44,141.4 1 1
github.com/mili/moxie/internal/browser/browser.go:142.3,142.11 1 1
github.com/mili/moxie/internal/util/config.go:15.25,16.22 1 1
github.com/mili/moxie/internal/util/config.go:17.17,18.54 1 0
github.com/mili/moxie/internal/util/config.go:19.16,21.72 2 0
github.com/mili/moxie/internal/util/config.go:22.10,24.49 2 1
github.com/mili/moxie/internal/util/config.go:29.22,33.2 3 1
github.com/mili/moxie/internal/util/config.go:36.26,40.2 3 1
github.com/mili/moxie/internal/util/config.go:44.46,47.16 3 0
github.com/mili/moxie/internal/util/config.go:47.16,48.25 1 0
github.com/mili/moxie/internal/util/config.go:48.25,50.4 1 0
github.com/mili/moxie/internal/util/config.go:51.3,51.18 1 0
github.com/mili/moxie/internal/util/config.go:53.2,54.51 2 0
github.com/mili/moxie/internal/util/config.go:54.51,56.3 1 0
github.com/mili/moxie/internal/util/config.go:57.2,57.16 1 0
github.com/mili/moxie/internal/util/config.go:57.16,59.3 1 0
github.com/mili/moxie/internal/util/config.go:60.2,60.17 1 0
github.com/mili/moxie/internal/util/config.go:65.47,68.16 3 0
github.com/mili/moxie/internal/util/config.go:68.16,70.3 1 0
github.com/mili/moxie/internal/util/config.go:72.2,74.16 3 0
github.com/mili/moxie/internal/util/config.go:74.16,76.3 1 0
github.com/mili/moxie/internal/util/config.go:77.2,80.43 3 0
github.com/mili/moxie/internal/util/config.go:80.43,83.3 2 0
github.com/mili/moxie/internal/util/config.go:84.2,86.33 2 0
github.com/mili/moxie/internal/util/config.go:90.28,93.16 3 0
github.com/mili/moxie/internal/util/config.go:93.16,96.3 2 0
github.com/mili/moxie/internal/util/config.go:97.2,97.17 1 0
github.com/mili/moxie/internal/util/config.go:101.35,103.16 2 0
github.com/mili/moxie/internal/util/config.go:103.16,106.3 2 0
github.com/mili/moxie/internal/util/config.go:107.2,107.10 1 0
github.com/mili/moxie/internal/util/helpers.go:17.37,19.18 2 1
github.com/mili/moxie/internal/util/helpers.go:19.18,21.3 1 1
github.com/mili/moxie/internal/util/helpers.go:22.2,23.46 2 1
github.com/mili/moxie/internal/util/helpers.go:23.46,26.3 2 1
github.com/mili/moxie/internal/util/helpers.go:27.2,27.76 1 1
github.com/mili/moxie/internal/util/helpers.go:31.45,32.21 1 1
github.com/mili/moxie/internal/util/helpers.go:32.21,34.3 1 1
github.com/mili/moxie/internal/util/helpers.go:35.2,35.19 1 1
github.com/mili/moxie/internal/util/helpers.go:35.19,38.13 3 1
github.com/mili/moxie/internal/util/helpers.go:38.13,40.4 1 1
github.com/mili/moxie/internal/util/helpers.go:41.3,41.37 1 1
github.com/mili/moxie/internal/util/helpers.go:43.2,45.36 3 1
github.com/mili/moxie/internal/util/helpers.go:49.32,50.16 1 1
github.com/mili/moxie/internal/util/helpers.go:50.16,52.3 1 1
github.com/mili/moxie/internal/util/helpers.go:53.2,56.48 2 1
github.com/mili/moxie/internal/util/helpers.go:60.44,63.22 2 1
github.com/mili/moxie/internal/util/helpers.go:63.22,65.3 1 1
github.com/mili/moxie/internal/util/helpers.go:66.2,66.17 1 1
github.com/mili/moxie/internal/util/helpers.go:66.17,68.3 1 1
github.com/mili/moxie/internal/util/helpers.go:69.2,69.29 1 1
github.com/mili/moxie/internal/util/helpers.go:73.35,74.13 1 0
github.com/mili/moxie/internal/util/helpers.go:74.13,76.3 1 0
github.com/mili/moxie/internal/util/helpers.go:77.2,77.10 1 0
github.com/mili/moxie/internal/util/helpers.go:81.43,85.26 4 1
github.com/mili/moxie/internal/util/helpers.go:85.26,86.46 1 1
github.com/mili/moxie/internal/util/helpers.go:86.46,89.4 2 1
github.com/mili/moxie/internal/util/helpers.go:90.3,90.18 1 1
github.com/mili/moxie/internal/util/helpers.go:90.18,93.4 2 0
github.com/mili/moxie/internal/util/helpers.go:94.3,95.20 2 1
github.com/mili/moxie/internal/util/helpers.go:97.2,97.24 1 1
github.com/mili/moxie/internal/tui/commands.go:12.36,13.24 1 0
github.com/mili/moxie/internal/tui/commands.go:13.24,15.17 2 0
github.com/mili/moxie/internal/tui/commands.go:15.17,17.4 1 0
github.com/mili/moxie/internal/tui/commands.go:18.3,18.31 1 0
github.com/mili/moxie/internal/tui/commands.go:23.43,24.24 1 0
github.com/mili/moxie/internal/tui/commands.go:24.24,26.17 2 0
github.com/mili/moxie/internal/tui/commands.go:26.17,28.4 1 0
github.com/mili/moxie/internal/tui/commands.go:29.3,29.29 1 0
github.com/mili/moxie/internal/tui/commands.go:36.45,37.24 1 0
github.com/mili/moxie/internal/tui/commands.go:37.24,38.45 1 0
github.com/mili/moxie/internal/tui/commands.go:38.45,40.4 1 0
github.com/mili/moxie/internal/tui/commands.go:41.3,42.17 2 0
github.com/mili/moxie/internal/tui/commands.go:42.17,44.4 1 0
github.com/mili/moxie/internal/tui/commands.go:45.3,45.38 1 0
github.com/mili/moxie/internal/tui/commands.go:51.61,52.24 1 0
github.com/mili/moxie/internal/tui/commands.go:52.24,53.29 1 0
github.com/mili/moxie/internal/tui/commands.go:53.29,55.4 1 0
github.com/mili/moxie/internal/tui/commands.go:56.3,57.17 2 0
github.com/mili/moxie/internal/tui/commands.go:57.17,59.4 1 0
github.com/mili/moxie/internal/tui/commands.go:60.3,66.54 2 0
github.com/mili/moxie/internal/tui/commands.go:66.54,68.4 1 0
github.com/mili/moxie/internal/tui/commands.go:69.3,69.36 1 0
github.com/mili/moxie/internal/tui/detail.go:12.36,14.31 2 0
github.com/mili/moxie/internal/tui/detail.go:14.31,16.3 1 0
github.com/mili/moxie/internal/tui/detail.go:18.2,20.12 3 0
github.com/mili/moxie/internal/tui/detail.go:20.12,22.3 1 0
github.com/mili/moxie/internal/tui/detail.go:25.2,43.68 16 0
github.com/mili/moxie/internal/tui/detail.go:43.68,46.3 2 0
github.com/mili/moxie/internal/tui/detail.go:46.8,48.3 1 0
github.com/mili/moxie/internal/tui/detail.go:49.2,61.26 10 0
github.com/mili/moxie/internal/tui/detail.go:61.26,62.36 1 0
github.com/mili/moxie/internal/tui/detail.go:62.36,64.4 1 0
github.com/mili/moxie/internal/tui/detail.go:65.3,65.35 1 0
github.com/mili/moxie/internal/tui/detail.go:65.35,68.4 2 0
github.com/mili/moxie/internal/tui/detail.go:69.3,69.143 1 0
github.com/mili/moxie/internal/tui/detail.go:72.2,86.21 7 0
github.com/mili/moxie/internal/tui/detail.go:86.21,89.3 2 0
github.com/mili/moxie/internal/tui/detail.go:92.2,92.15 1 0
github.com/mili/moxie/internal/tui/detail.go:92.15,101.3 3 0
github.com/mili/moxie/internal/tui/detail.go:104.2,104.14 1 0
github.com/mili/moxie/internal/tui/detail.go:104.14,113.3 3 0
github.com/mili/moxie/internal/tui/detail.go:115.2,115.36 1 0
github.com/mili/moxie/internal/tui/help.go:11.34,13.12 2 0
github.com/mili/moxie/internal/tui/help.go:13.12,15.3 1 0
github.com/mili/moxie/internal/tui/help.go:16.2,17.12 2 0
github.com/mili/moxie/internal/tui/help.go:17.12,19.3 1 0
github.com/mili/moxie/internal/tui/help.go:21.2,52.70 4 0
github.com/mili/moxie/internal/tui/helpers.go:20.31,22.16 2 0
github.com/mili/moxie/internal/tui/helpers.go:22.16,24.3 1 0
github.com/mili/moxie/internal/tui/helpers.go:26.2,31.17 6 0
github.com/mili/moxie/internal/tui/helpers.go:31.17,33.3 1 0
github.com/mili/moxie/internal/tui/helpers.go:35.2,45.12 4 0
github.com/mili/moxie/internal/tui/helpers.go:45.12,47.3 1 0
github.com/mili/moxie/internal/tui/helpers.go:48.2,48.23 1 0
github.com/mili/moxie/internal/tui/helpers.go:53.35,56.2 2 0
github.com/mili/moxie/internal/tui/helpers.go:59.113,62.26 3 1
github.com/mili/moxie/internal/tui/helpers.go:62.26,63.76 1 1
github.com/mili/moxie/internal/tui/helpers.go:63.76,64.12 1 1
github.com/mili/moxie/internal/tui/helpers.go:66.3,66.53 1 1
github.com/mili/moxie/internal/tui/helpers.go:66.53,67.12 1 1
github.com/mili/moxie/internal/tui/helpers.go:69.3,69.53 1 1
github.com/mili/moxie/internal/tui/helpers.go:69.53,70.12 1 1
github.com/mili/moxie/internal/tui/helpers.go:72.3,72.23 1 1
github.com/mili/moxie/internal/tui/helpers.go:75.2,75.16 1 1
github.com/mili/moxie/internal/tui/helpers.go:76.14,77.39 1 1
github.com/mili/moxie/internal/tui/helpers.go:77.39,79.4 1 1
github.com/mili/moxie/internal/tui/helpers.go:80.17,81.39 1 1
github.com/mili/moxie/internal/tui/helpers.go:81.39,83.4 1 1
github.com/mili/moxie/internal/tui/helpers.go:84.18,85.39 1 1
github.com/mili/moxie/internal/tui/helpers.go:85.39,86.38 1 1
github.com/mili/moxie/internal/tui/helpers.go:86.38,88.5 1 1
github.com/mili/moxie/internal/tui/helpers.go:89.4,89.72 1 1
github.com/mili/moxie/internal/tui/helpers.go:91.19,92.39 1 1
github.com/mili/moxie/internal/tui/helpers.go:92.39,93.40 1 1
github.com/mili/moxie/internal/tui/helpers.go:93.40,95.5 1 1
github.com/mili/moxie/internal/tui/helpers.go:96.4,96.72 1 1
github.com/mili/moxie/internal/tui/helpers.go:99.2,99.12 1 1
github.com/mili/moxie/internal/tui/helpers.go:102.35,104.31 2 0
github.com/mili/moxie/internal/tui/helpers.go:104.31,106.16 2 0
github.com/mili/moxie/internal/tui/helpers.go:106.16,108.4 1 0
github.com/mili/moxie/internal/tui/helpers.go:109.3,111.60 3 0
github.com/mili/moxie/internal/tui/helpers.go:111.60,114.4 2 0
github.com/mili/moxie/internal/tui/helpers.go:115.3,121.5 1 0
github.com/mili/moxie/internal/tui/helpers.go:123.2,123.23 1 0
github.com/mili/moxie/internal/tui/helpers.go:126.34,128.27 2 1
github.com/mili/moxie/internal/tui/helpers.go:128.27,129.14 1 1
github.com/mili/moxie/internal/tui/helpers.go:129.14,131.4 1 1
github.com/mili/moxie/internal/tui/helpers.go:133.2,133.18 1 1
github.com/mili/moxie/internal/tui/helpers.go:136.39,139.21 3 1
github.com/mili/moxie/internal/tui/helpers.go:139.21,141.3 1 1
github.com/mili/moxie/internal/tui/helpers.go:142.2,142.36 1 1
github.com/mili/moxie/internal/tui/helpers.go:145.37,147.18 2 1
github.com/mili/moxie/internal/tui/helpers.go:147.18,149.3 1 1
github.com/mili/moxie/internal/tui/helpers.go:150.2,151.46 2 1
github.com/mili/moxie/internal/tui/helpers.go:151.46,154.3 2 1
github.com/mili/moxie/internal/tui/helpers.go:155.2,155.76 1 1
github.com/mili/moxie/internal/tui/helpers.go:158.30,159.13 1 1
github.com/mili/moxie/internal/tui/helpers.go:159.13,161.3 1 1
github.com/mili/moxie/internal/tui/helpers.go:162.2,162.10 1 1
github.com/mili/moxie/internal/tui/helpers.go:167.51,169.20 1 0
github.com/mili/moxie/internal/tui/helpers.go:169.20,170.46 1 0
github.com/mili/moxie/internal/tui/helpers.go:170.46,172.4 1 0
github.com/mili/moxie/internal/tui/helpers.go:175.2,176.16 2 0
github.com/mili/moxie/internal/tui/helpers.go:176.16,178.3 1 0
github.com/mili/moxie/internal/tui/helpers.go:180.2,184.28 4 0
github.com/mili/moxie/internal/tui/helpers.go:184.28,185.16 1 0
github.com/mili/moxie/internal/tui/helpers.go:185.16,186.12 1 0
github.com/mili/moxie/internal/tui/helpers.go:188.3,196.37 5 0
github.com/mili/moxie/internal/tui/helpers.go:196.37,197.12 1 0
github.com/mili/moxie/internal/tui/helpers.go:200.3,200.10 1 0
github.com/mili/moxie/internal/tui/helpers.go:201.45,202.43 1 0
github.com/mili/moxie/internal/tui/helpers.go:203.58,204.53 1 0
github.com/mili/moxie/internal/tui/helpers.go:205.22,206.33 1 0
github.com/mili/moxie/internal/tui/helpers.go:211.2,211.24 1 0
github.com/mili/moxie/internal/tui/helpers.go:211.24,213.3 1 0
github.com/mili/moxie/internal/tui/helpers.go:214.2,214.29 1 0
github.com/mili/moxie/internal/tui/helpers.go:214.29,216.3 1 0
github.com/mili/moxie/internal/tui/helpers.go:217.2,217.19 1 0
github.com/mili/moxie/internal/tui/helpers.go:217.19,219.3 1 0
github.com/mili/moxie/internal/tui/helpers.go:220.2,220.11 1 0
github.com/mili/moxie/internal/tui/helpers.go:223.41,224.21 1 0
github.com/mili/moxie/internal/tui/helpers.go:224.21,226.3 1 0
github.com/mili/moxie/internal/tui/helpers.go:227.2,229.26 3 0
github.com/mili/moxie/internal/tui/helpers.go:229.26,231.17 2 0
github.com/mili/moxie/internal/tui/helpers.go:231.17,232.12 1 0
github.com/mili/moxie/internal/tui/helpers.go:234.3,234.29 1 0
github.com/mili/moxie/internal/tui/helpers.go:234.29,237.4 2 0
github.com/mili/moxie/internal/tui/helpers.go:239.2,239.13 1 0
github.com/mili/moxie/internal/tui/helpers.go:244.34,247.9 3 0
github.com/mili/moxie/internal/tui/helpers.go:248.26,249.26 1 0
github.com/mili/moxie/internal/tui/helpers.go:250.20,251.32 1 0
github.com/mili/moxie/internal/tui/helpers.go:252.21,253.32 1 0
github.com/mili/moxie/internal/tui/helpers.go:253.32,255.4 1 0
github.com/mili/moxie/internal/tui/helpers.go:255.9,255.64 1 0
github.com/mili/moxie/internal/tui/helpers.go:255.64,257.4 1 0
github.com/mili/moxie/internal/tui/helpers.go:257.9,257.38 1 0
github.com/mili/moxie/internal/tui/helpers.go:257.38,259.52 2 0
github.com/mili/moxie/internal/tui/helpers.go:259.52,261.5 1 0
github.com/mili/moxie/internal/tui/helpers.go:261.10,263.5 1 0
github.com/mili/moxie/internal/tui/helpers.go:264.9,266.4 1 0
github.com/mili/moxie/internal/tui/helpers.go:267.10,268.26 1 0
github.com/mili/moxie/internal/tui/helpers.go:270.2,270.20 1 0
github.com/mili/moxie/internal/tui/helpers.go:274.39,275.20 1 1
github.com/mili/moxie/internal/tui/helpers.go:275.20,277.3 1 1
github.com/mili/moxie/internal/tui/helpers.go:278.2,278.33 1 1
github.com/mili/moxie/internal/tui/helpers.go:282.24,283.11 1 1
github.com/mili/moxie/internal/tui/helpers.go:283.11,285.3 1 1
github.com/mili/moxie/internal/tui/helpers.go:286.2,286.10 1 1
github.com/mili/moxie/internal/tui/library.go:12.37,15.12 3 0
github.com/mili/moxie/internal/tui/library.go:15.12,17.3 1 0
github.com/mili/moxie/internal/tui/library.go:20.2,23.13 4 0
github.com/mili/moxie/internal/tui/library.go:23.13,25.3 1 0
github.com/mili/moxie/internal/tui/library.go:26.2,40.22 10 0
github.com/mili/moxie/internal/tui/library.go:40.22,42.3 1 0
github.com/mili/moxie/internal/tui/library.go:44.2,45.22 2 0
github.com/mili/moxie/internal/tui/library.go:45.22,47.3 1 0
github.com/mili/moxie/internal/tui/library.go:49.2,50.24 2 0
github.com/mili/moxie/internal/tui/library.go:50.24,52.3 1 0
github.com/mili/moxie/internal/tui/library.go:54.2,68.29 5 0
github.com/mili/moxie/internal/tui/library.go:68.29,70.3 1 0
github.com/mili/moxie/internal/tui/library.go:70.8,72.25 2 0
github.com/mili/moxie/internal/tui/library.go:72.25,75.4 2 0
github.com/mili/moxie/internal/tui/library.go:75.9,77.4 1 0
github.com/mili/moxie/internal/tui/library.go:79.2,83.26 3 0
github.com/mili/moxie/internal/tui/library.go:83.26,84.22 1 0
github.com/mili/moxie/internal/tui/library.go:84.22,86.4 1 0
github.com/mili/moxie/internal/tui/library.go:86.9,88.4 1 0
github.com/mili/moxie/internal/tui/library.go:89.8,91.3 1 0
github.com/mili/moxie/internal/tui/library.go:94.2,104.21 5 0
github.com/mili/moxie/internal/tui/library.go:104.21,107.3 2 0
github.com/mili/moxie/internal/tui/library.go:109.2,109.36 1 0
github.com/mili/moxie/internal/tui/library.go:115.50,116.18 1 0
github.com/mili/moxie/internal/tui/library.go:116.18,118.3 1 0
github.com/mili/moxie/internal/tui/library.go:119.2,121.69 3 0
github.com/mili/moxie/internal/tui/library.go:121.69,126.3 3 0
github.com/mili/moxie/internal/tui/library.go:126.8,128.3 1 0
github.com/mili/moxie/internal/tui/library.go:132.44,134.17 2 0
github.com/mili/moxie/internal/tui/library.go:134.17,136.3 1 0
github.com/mili/moxie/internal/tui/library.go:137.2,137.94 1 0
github.com/mili/moxie/internal/tui/model.go:35.36,36.11 1 1
github.com/mili/moxie/internal/tui/model.go:37.14,38.14 1 1
github.com/mili/moxie/internal/tui/model.go:39.17,40.17 1 1
github.com/mili/moxie/internal/tui/model.go:41.18,42.18 1 1
github.com/mili/moxie/internal/tui/model.go:43.19,44.19 1 1
github.com/mili/moxie/internal/tui/model.go:45.10,46.14 1 0
github.com/mili/moxie/internal/tui/model.go:51.39,52.11 1 1
github.com/mili/moxie/internal/tui/model.go:53.14,54.18 1 1
github.com/mili/moxie/internal/tui/model.go:55.17,56.21 1 1
github.com/mili/moxie/internal/tui/model.go:57.18,58.22 1 1
github.com/mili/moxie/internal/tui/model.go:59.19,60.23 1 1
github.com/mili/moxie/internal/tui/model.go:61.10,62.18 1 0
github.com/mili/moxie/internal/tui/model.go:131.68,174.2 14 0
github.com/mili/moxie/internal/tui/model.go:178.31,180.2 1 0
github.com/mili/moxie/internal/tui/model.go:184.30,185.9 1 0
github.com/mili/moxie/internal/tui/model.go:186.18,187.22 1 0
github.com/mili/moxie/internal/tui/model.go:188.32,189.24 1 0
github.com/mili/moxie/internal/tui/model.go:190.10,191.25 1 0
github.com/mili/moxie/internal/tui/styles.go:90.43,91.11 1 1
github.com/mili/moxie/internal/tui/styles.go:92.16,93.15 1 1
github.com/mili/moxie/internal/tui/styles.go:94.19,95.14 1 1
github.com/mili/moxie/internal/tui/styles.go:96.19,97.13 1 1
github.com/mili/moxie/internal/tui/styles.go:98.17,99.16 1 1
github.com/mili/moxie/internal/tui/styles.go:100.10,101.16 1 1
github.com/mili/moxie/internal/tui/styles.go:106.43,107.11 1 1
github.com/mili/moxie/internal/tui/styles.go:108.15,109.14 1 1
github.com/mili/moxie/internal/tui/styles.go:110.15,111.31 1 1
github.com/mili/moxie/internal/tui/styles.go:112.14,113.15 1 1
github.com/mili/moxie/internal/tui/styles.go:114.22,115.16 1 1
github.com/mili/moxie/internal/tui/styles.go:116.14,117.30 1 1
github.com/mili/moxie/internal/tui/styles.go:118.15,119.31 1 1
github.com/mili/moxie/internal/tui/styles.go:120.14,121.31 1 1
github.com/mili/moxie/internal/tui/styles.go:122.16,123.31 1 1
github.com/mili/moxie/internal/tui/styles.go:124.13,125.30 1 1
github.com/mili/moxie/internal/tui/styles.go:126.14,127.31 1 1
github.com/mili/moxie/internal/tui/styles.go:128.14,129.30 1 1
github.com/mili/moxie/internal/tui/styles.go:130.15,131.31 1 1
github.com/mili/moxie/internal/tui/styles.go:132.17,133.31 1 1
github.com/mili/moxie/internal/tui/styles.go:134.16,135.16 1 0
github.com/mili/moxie/internal/tui/styles.go:136.10,137.16 1 1
github.com/mili/moxie/internal/tui/tui.go:18.62,20.16 2 0
github.com/mili/moxie/internal/tui/tui.go:20.16,22.3 1 0
github.com/mili/moxie/internal/tui/tui.go:23.2,26.35 3 0
github.com/mili/moxie/internal/tui/tui.go:26.35,28.3 1 0
github.com/mili/moxie/internal/tui/tui.go:29.2,29.12 1 0
github.com/mili/moxie/internal/tui/update.go:14.57,17.27 2 0
github.com/mili/moxie/internal/tui/update.go:19.25,23.16 4 0
github.com/mili/moxie/internal/tui/update.go:26.18,30.22 2 0
github.com/mili/moxie/internal/tui/update.go:30.22,32.4 1 0
github.com/mili/moxie/internal/tui/update.go:35.3,35.17 1 0
github.com/mili/moxie/internal/tui/update.go:35.17,38.4 2 0
github.com/mili/moxie/internal/tui/update.go:41.3,41.22 1 0
github.com/mili/moxie/internal/tui/update.go:41.22,43.4 1 0
github.com/mili/moxie/internal/tui/update.go:46.3,46.15 1 0
github.com/mili/moxie/internal/tui/update.go:46.15,48.4 1 0
github.com/mili/moxie/internal/tui/update.go:51.3,51.16 1 0
github.com/mili/moxie/internal/tui/update.go:51.16,53.4 1 0
github.com/mili/moxie/internal/tui/update.go:56.3,56.31 1 0
github.com/mili/moxie/internal/tui/update.go:56.31,58.4 1 0
github.com/mili/moxie/internal/tui/update.go:61.3,61.30 1 0
github.com/mili/moxie/internal/tui/update.go:61.30,63.4 1 0
github.com/mili/moxie/internal/tui/update.go:66.3,66.14 1 0
github.com/mili/moxie/internal/tui/update.go:67.12,68.22 1 0
github.com/mili/moxie/internal/tui/update.go:69.12,73.29 4 0
github.com/mili/moxie/internal/tui/update.go:74.12,77.17 3 0
github.com/mili/moxie/internal/tui/update.go:78.17,80.17 2 0
github.com/mili/moxie/internal/tui/update.go:81.17,83.17 2 0
github.com/mili/moxie/internal/tui/update.go:84.12,86.20 2 0
github.com/mili/moxie/internal/tui/update.go:86.20,88.53 2 0
github.com/mili/moxie/internal/tui/update.go:88.53,93.35 5 0
github.com/mili/moxie/internal/tui/update.go:93.35,94.21 1 0
github.com/mili/moxie/internal/tui/update.go:94.21,96.13 2 0
github.com/mili/moxie/internal/tui/update.go:101.4,101.17 1 0
github.com/mili/moxie/internal/tui/update.go:102.21,104.20 2 0
github.com/mili/moxie/internal/tui/update.go:104.20,106.53 2 0
github.com/mili/moxie/internal/tui/update.go:106.53,111.6 4 0
github.com/mili/moxie/internal/tui/update.go:113.4,113.17 1 0
github.com/mili/moxie/internal/tui/update.go:114.12,116.17 2 0
github.com/mili/moxie/internal/tui/update.go:117.11,120.21 1 0
github.com/mili/moxie/internal/tui/update.go:120.21,122.28 2 0
github.com/mili/moxie/internal/tui/update.go:122.28,129.6 6 0
github.com/mili/moxie/internal/tui/update.go:134.3,135.16 2 0
github.com/mili/moxie/internal/tui/update.go:138.22,142.16 4 0
github.com/mili/moxie/internal/tui/update.go:144.21,146.16 2 0
github.com/mili/moxie/internal/tui/update.go:148.22,149.21 1 0
github.com/mili/moxie/internal/tui/update.go:149.21,151.4 1 0
github.com/mili/moxie/internal/tui/update.go:151.9,155.4 3 0
github.com/mili/moxie/internal/tui/update.go:156.3,156.16 1 0
github.com/mili/moxie/internal/tui/update.go:158.22,159.21 1 0
github.com/mili/moxie/internal/tui/update.go:159.21,161.4 1 0
github.com/mili/moxie/internal/tui/update.go:161.9,161.29 1 0
github.com/mili/moxie/internal/tui/update.go:161.29,164.4 2 0
github.com/mili/moxie/internal/tui/update.go:165.3,165.16 1 0
github.com/mili/moxie/internal/tui/update.go:167.14,169.16 2 0
github.com/mili/moxie/internal/tui/update.go:172.2,172.15 1 0
github.com/mili/moxie/internal/tui/update.go:177.69,178.13 1 0
github.com/mili/moxie/internal/tui/update.go:179.16,191.29 8 0
github.com/mili/moxie/internal/tui/update.go:192.32,196.16 4 0
github.com/mili/moxie/internal/tui/update.go:198.2,198.15 1 0
github.com/mili/moxie/internal/tui/update.go:201.79,202.13 1 0
github.com/mili/moxie/internal/tui/update.go:203.13,205.16 2 0
github.com/mili/moxie/internal/tui/update.go:206.15,208.21 2 0
github.com/mili/moxie/internal/tui/update.go:208.21,210.33 2 0
github.com/mili/moxie/internal/tui/update.go:210.33,212.49 2 0
github.com/mili/moxie/internal/tui/update.go:212.49,214.6 1 0
github.com/mili/moxie/internal/tui/update.go:214.11,216.6 1 0
github.com/mili/moxie/internal/tui/update.go:219.3,220.63 2 0
github.com/mili/moxie/internal/tui/update.go:222.2,224.19 3 0
github.com/mili/moxie/internal/tui/update.go:227.80,228.13 1 0
github.com/mili/moxie/internal/tui/update.go:229.13,232.16 3 0
github.com/mili/moxie/internal/tui/update.go:233.15,235.16 2 0
github.com/mili/moxie/internal/tui/update.go:235.16,237.33 2 0
github.com/mili/moxie/internal/tui/update.go:237.33,239.49 2 0
github.com/mili/moxie/internal/tui/update.go:239.49,243.6 3 0
github.com/mili/moxie/internal/tui/update.go:246.3,248.29 2 0
github.com/mili/moxie/internal/tui/update.go:248.29,251.4 2 0
github.com/mili/moxie/internal/tui/update.go:252.3,253.63 2 0
github.com/mili/moxie/internal/tui/update.go:255.2,257.18 3 0
github.com/mili/moxie/internal/tui/update.go:260.65,261.13 1 0
github.com/mili/moxie/internal/tui/update.go:262.34,266.16 4 0
github.com/mili/moxie/internal/tui/update.go:267.11,269.32 2 0
github.com/mili/moxie/internal/tui/update.go:269.32,271.4 1 0
github.com/mili/moxie/internal/tui/update.go:272.3,281.28 10 0
github.com/mili/moxie/internal/tui/update.go:282.11,284.32 2 0
github.com/mili/moxie/internal/tui/update.go:284.32,286.4 1 0
github.com/mili/moxie/internal/tui/update.go:287.3,288.47 2 0
github.com/mili/moxie/internal/tui/update.go:288.47,290.4 1 0
github.com/mili/moxie/internal/tui/update.go:290.9,292.4 1 0
github.com/mili/moxie/internal/tui/update.go:293.3,293.63 1 0
github.com/mili/moxie/internal/tui/update.go:294.11,298.32 4 0
github.com/mili/moxie/internal/tui/update.go:298.32,299.28 1 0
github.com/mili/moxie/internal/tui/update.go:299.28,301.10 2 0
github.com/mili/moxie/internal/tui/update.go:304.3,304.16 1 0
github.com/mili/moxie/internal/tui/update.go:305.11,307.32 2 0
github.com/mili/moxie/internal/tui/update.go:307.32,309.4 1 0
github.com/mili/moxie/internal/tui/update.go:310.3,311.16 2 0
github.com/mili/moxie/internal/tui/update.go:312.11,314.32 2 0
github.com/mili/moxie/internal/tui/update.go:314.32,316.4 1 0
github.com/mili/moxie/internal/tui/update.go:317.3,326.28 10 0
github.com/mili/moxie/internal/tui/update.go:327.11,329.32 2 0
github.com/mili/moxie/internal/tui/update.go:329.32,331.4 1 0
github.com/mili/moxie/internal/tui/update.go:332.3,333.16 2 0
github.com/mili/moxie/internal/tui/update.go:333.16,336.4 2 0
github.com/mili/moxie/internal/tui/update.go:337.3,337.40 1 0
github.com/mili/moxie/internal/tui/update.go:337.40,339.4 1 0
github.com/mili/moxie/internal/tui/update.go:339.9,341.4 1 0
github.com/mili/moxie/internal/tui/update.go:342.3,342.16 1 0
github.com/mili/moxie/internal/tui/update.go:344.2,344.15 1 0
github.com/mili/moxie/internal/tui/update.go:347.83,348.13 1 0
github.com/mili/moxie/internal/tui/update.go:349.15,353.16 4 0
github.com/mili/moxie/internal/tui/update.go:354.13,359.16 5 0
github.com/mili/moxie/internal/tui/update.go:361.2,366.21 5 0
github.com/mili/moxie/internal/tui/update.go:371.29,372.18 1 0
github.com/mili/moxie/internal/tui/update.go:373.14,374.23 1 0
github.com/mili/moxie/internal/tui/update.go:375.17,376.24 1 0
github.com/mili/moxie/internal/tui/update.go:377.18,378.25 1 0
github.com/mili/moxie/internal/tui/update.go:379.19,380.20 1 0
github.com/mili/moxie/internal/tui/update.go:384.37,386.28 2 0
github.com/mili/moxie/internal/tui/update.go:386.28,387.26 1 0
github.com/mili/moxie/internal/tui/update.go:387.26,391.4 3 0
github.com/mili/moxie/internal/tui/update.go:393.2,394.21 2 0
github.com/mili/moxie/internal/tui/update.go:397.37,399.29 2 0
github.com/mili/moxie/internal/tui/update.go:399.29,400.26 1 0
github.com/mili/moxie/internal/tui/update.go:400.26,404.4 3 0
github.com/mili/moxie/internal/tui/update.go:406.2,407.21 2 0
github.com/mili/moxie/internal/engine/detector.go:232.32,234.16 2 1
github.com/mili/moxie/internal/engine/detector.go:234.16,236.3 1 1
github.com/mili/moxie/internal/engine/detector.go:238.2,240.28 3 1
github.com/mili/moxie/internal/engine/detector.go:240.28,242.16 2 1
github.com/mili/moxie/internal/engine/detector.go:242.16,244.4 1 1
github.com/mili/moxie/internal/engine/detector.go:248.2,248.76 1 1
github.com/mili/moxie/internal/engine/detector.go:248.76,250.3 1 1
github.com/mili/moxie/internal/engine/detector.go:253.2,253.29 1 1
github.com/mili/moxie/internal/engine/detector.go:253.29,254.48 1 1
github.com/mili/moxie/internal/engine/detector.go:254.48,255.12 1 1
github.com/mili/moxie/internal/engine/detector.go:259.3,259.47 1 1
github.com/mili/moxie/internal/engine/detector.go:259.47,260.57 1 1
github.com/mili/moxie/internal/engine/detector.go:260.57,262.5 1 1
github.com/mili/moxie/internal/engine/detector.go:263.4,263.12 1 1
github.com/mili/moxie/internal/engine/detector.go:267.3,267.95 1 1
github.com/mili/moxie/internal/engine/detector.go:267.95,269.23 2 1
github.com/mili/moxie/internal/engine/detector.go:269.23,271.5 1 1
github.com/mili/moxie/internal/engine/detector.go:272.4,272.23 1 1
github.com/mili/moxie/internal/engine/detector.go:272.23,274.5 1 1
github.com/mili/moxie/internal/engine/detector.go:275.4,275.68 1 0
github.com/mili/moxie/internal/engine/detector.go:279.3,279.49 1 1
github.com/mili/moxie/internal/engine/detector.go:279.49,282.33 3 1
github.com/mili/moxie/internal/engine/detector.go:282.33,283.19 1 1
github.com/mili/moxie/internal/engine/detector.go:283.19,285.6 1 1
github.com/mili/moxie/internal/engine/detector.go:287.4,287.17 1 1
github.com/mili/moxie/internal/engine/detector.go:287.17,288.13 1 1
github.com/mili/moxie/internal/engine/detector.go:290.4,290.108 1 1
github.com/mili/moxie/internal/engine/detector.go:293.3,293.79 1 1
github.com/mili/moxie/internal/engine/detector.go:296.2,296.80 1 1
github.com/mili/moxie/internal/engine/detector.go:300.78,301.53 1 1
github.com/mili/moxie/internal/engine/detector.go:301.53,303.3 1 1
github.com/mili/moxie/internal/engine/detector.go:304.2,304.56 1 1
github.com/mili/moxie/internal/engine/detector.go:304.56,306.3 1 1
github.com/mili/moxie/internal/engine/detector.go:307.2,307.27 1 1
github.com/mili/moxie/internal/engine/detector.go:307.27,308.47 1 1
github.com/mili/moxie/internal/engine/detector.go:308.47,310.33 2 1
github.com/mili/moxie/internal/engine/detector.go:310.33,311.67 1 1
github.com/mili/moxie/internal/engine/detector.go:311.67,313.11 2 1
github.com/mili/moxie/internal/engine/detector.go:316.4,316.14 1 1
github.com/mili/moxie/internal/engine/detector.go:316.14,318.5 1 1
github.com/mili/moxie/internal/engine/detector.go:321.2,321.13 1 1
github.com/mili/moxie/internal/engine/detector.go:325.70,327.28 2 1
github.com/mili/moxie/internal/engine/detector.go:327.28,329.52 2 1
github.com/mili/moxie/internal/engine/detector.go:329.52,331.31 2 1
github.com/mili/moxie/internal/engine/detector.go:331.31,332.20 1 1
github.com/mili/moxie/internal/engine/detector.go:332.20,335.64 3 1
github.com/mili/moxie/internal/engine/detector.go:335.64,337.7 1 1
github.com/mili/moxie/internal/engine/detector.go:342.2,342.23 1 1
github.com/mili/moxie/internal/engine/detector.go:342.23,348.3 1 1
github.com/mili/moxie/internal/engine/detector.go:349.2,349.31 1 1
github.com/mili/moxie/internal/engine/detector.go:354.46,356.16 2 1
github.com/mili/moxie/internal/engine/detector.go:356.16,358.3 1 0
github.com/mili/moxie/internal/engine/detector.go:359.2,360.87 2 1
github.com/mili/moxie/internal/engine/detector.go:360.87,362.3 1 1
github.com/mili/moxie/internal/engine/detector.go:363.2,363.82 1 1
github.com/mili/moxie/internal/engine/detector.go:363.82,365.3 1 1
github.com/mili/moxie/internal/engine/detector.go:366.2,366.11 1 0
github.com/mili/moxie/internal/engine/detector.go:370.42,372.16 2 1
github.com/mili/moxie/internal/engine/detector.go:372.16,374.3 1 0
github.com/mili/moxie/internal/engine/detector.go:375.2,377.75 2 1
github.com/mili/moxie/internal/engine/detector.go:377.75,379.3 1 1
github.com/mili/moxie/internal/engine/detector.go:380.2,380.15 1 1
github.com/mili/moxie/internal/engine/detector.go:384.64,385.31 1 1
github.com/mili/moxie/internal/engine/detector.go:385.31,386.13 1 1
github.com/mili/moxie/internal/engine/detector.go:386.13,388.4 1 1
github.com/mili/moxie/internal/engine/detector.go:390.2,390.14 1 1
github.com/mili/moxie/internal/engine/detector.go:394.59,396.16 2 1
github.com/mili/moxie/internal/engine/detector.go:396.16,398.3 1 0
github.com/mili/moxie/internal/engine/detector.go:399.2,399.28 1 1
github.com/mili/moxie/internal/engine/detector.go:399.28,400.16 1 1
github.com/mili/moxie/internal/engine/detector.go:400.16,401.12 1 1
github.com/mili/moxie/internal/engine/detector.go:403.3,404.31 2 1
github.com/mili/moxie/internal/engine/detector.go:404.31,405.21 1 1
github.com/mili/moxie/internal/engine/detector.go:405.21,407.5 1 1
github.com/mili/moxie/internal/engine/detector.go:410.2,410.14 1 1
github.com/mili/moxie/internal/engine/detector.go:414.30,416.2 1 1
github.com/mili/moxie/internal/engine/detector.go:419.33,419.53 1 0
github.com/mili/moxie/internal/engine/detector.go:422.28,424.29 2 1
github.com/mili/moxie/internal/engine/detector.go:424.29,425.22 1 1
github.com/mili/moxie/internal/engine/detector.go:425.22,428.4 1 1
github.com/mili/moxie/internal/engine/detector.go:431.2,432.30 2 1
github.com/mili/moxie/internal/engine/detector.go:432.30,434.3 1 1
github.com/mili/moxie/internal/engine/detector.go:435.2,436.22 2 1
github.com/mili/moxie/internal/engine/detector.go:436.22,438.3 1 1
github.com/mili/moxie/internal/engine/detector.go:439.2,439.42 1 1
github.com/mili/moxie/internal/engine/detector.go:439.42,440.27 1 1
github.com/mili/moxie/internal/engine/detector.go:440.27,442.4 1 1
github.com/mili/moxie/internal/engine/detector.go:443.3,443.27 1 1
github.com/mili/moxie/internal/engine/detector.go:443.27,445.4 1 1
github.com/mili/moxie/internal/engine/detector.go:446.3,446.33 1 1
github.com/mili/moxie/internal/engine/detector.go:448.2,448.16 1 1
github.com/mili/moxie/internal/scanner/scanner.go:26.48,32.82 4 1
github.com/mili/moxie/internal/scanner/scanner.go:32.82,33.17 1 1
github.com/mili/moxie/internal/scanner/scanner.go:33.17,35.20 1 1
github.com/mili/moxie/internal/scanner/scanner.go:35.20,37.5 1 1
github.com/mili/moxie/internal/scanner/scanner.go:41.4,41.14 1 0
github.com/mili/moxie/internal/scanner/scanner.go:43.3,43.17 1 1
github.com/mili/moxie/internal/scanner/scanner.go:43.17,45.4 1 1
github.com/mili/moxie/internal/scanner/scanner.go:47.3,49.25 2 1
github.com/mili/moxie/internal/scanner/scanner.go:49.25,51.4 1 0
github.com/mili/moxie/internal/scanner/scanner.go:53.3,53.23 1 1
github.com/mili/moxie/internal/scanner/scanner.go:53.23,55.4 1 0
github.com/mili/moxie/internal/scanner/scanner.go:57.3,58.29 2 1
github.com/mili/moxie/internal/scanner/scanner.go:58.29,59.55 1 1
github.com/mili/moxie/internal/scanner/scanner.go:59.55,61.5 1 0
github.com/mili/moxie/internal/scanner/scanner.go:64.3,64.30 1 1
github.com/mili/moxie/internal/scanner/scanner.go:64.30,68.27 1 1
github.com/mili/moxie/internal/scanner/scanner.go:68.27,70.5 1 0
github.com/mili/moxie/internal/scanner/scanner.go:71.4,72.27 2 1
github.com/mili/moxie/internal/scanner/scanner.go:74.3,74.13 1 1
github.com/mili/moxie/internal/scanner/scanner.go:76.2,76.16 1 1
github.com/mili/moxie/internal/scanner/scanner.go:76.16,78.3 1 1
github.com/mili/moxie/internal/scanner/scanner.go:81.2,81.28 1 1
github.com/mili/moxie/internal/scanner/scanner.go:81.28,84.3 2 1
github.com/mili/moxie/internal/scanner/scanner.go:86.2,86.19 1 1
github.com/mili/moxie/internal/scanner/scanner.go:90.51,92.2 1 1
github.com/mili/moxie/internal/scanner/scanner.go:95.48,106.40 4 1
github.com/mili/moxie/internal/scanner/scanner.go:106.40,108.3 1 1
github.com/mili/moxie/internal/scanner/scanner.go:109.2,109.10 1 1
github.com/mili/moxie/internal/scanner/scanner.go:127.41,128.16 1 1
github.com/mili/moxie/internal/scanner/scanner.go:128.16,130.3 1 1
github.com/mili/moxie/internal/scanner/scanner.go:132.2,132.46 1 1
github.com/mili/moxie/internal/scanner/scanner.go:132.46,134.3 1 1
github.com/mili/moxie/internal/scanner/scanner.go:136.2,136.45 1 1
github.com/mili/moxie/internal/scanner/scanner.go:136.45,140.3 2 1
github.com/mili/moxie/internal/scanner/scanner.go:142.2,142.46 1 1
github.com/mili/moxie/internal/scanner/scanner.go:142.46,147.3 4 1
github.com/mili/moxie/internal/scanner/scanner.go:149.2,149.44 1 1
github.com/mili/moxie/internal/scanner/scanner.go:149.44,152.3 2 0
github.com/mili/moxie/internal/scanner/scanner.go:153.2,153.11 1 1
github.com/mili/moxie/internal/scanner/scanner.go:157.41,159.2 1 1
github.com/mili/moxie/internal/scanner/scanner.go:162.38,164.16 2 1
github.com/mili/moxie/internal/scanner/scanner.go:164.16,166.3 1 0
github.com/mili/moxie/internal/scanner/scanner.go:168.2,171.28 3 1
github.com/mili/moxie/internal/scanner/scanner.go:171.28,173.16 2 1
github.com/mili/moxie/internal/scanner/scanner.go:173.16,175.11 1 1
github.com/mili/moxie/internal/scanner/scanner.go:178.74,179.26 1 1
github.com/mili/moxie/internal/scanner/scanner.go:181.9,184.15 2 1
github.com/mili/moxie/internal/scanner/scanner.go:185.50,186.26 1 1
github.com/mili/moxie/internal/scanner/scanner.go:186.26,188.6 1 1
github.com/mili/moxie/internal/scanner/scanner.go:191.4,191.11 1 1
github.com/mili/moxie/internal/scanner/scanner.go:196.42,197.26 1 1
github.com/mili/moxie/internal/scanner/scanner.go:202.2,202.33 1 1
github.com/mili/moxie/internal/scanner/scanner.go:209.37,211.25 2 1
github.com/mili/moxie/internal/scanner/scanner.go:211.25,213.3 1 1
github.com/mili/moxie/internal/scanner/scanner.go:214.2,215.16 2 1
github.com/mili/moxie/internal/scanner/scanner.go:215.16,217.3 1 0
github.com/mili/moxie/internal/scanner/scanner.go:218.2,218.28 1 1
github.com/mili/moxie/internal/scanner/scanner.go:218.28,219.64 1 1
github.com/mili/moxie/internal/scanner/scanner.go:219.64,221.4 1 1
github.com/mili/moxie/internal/scanner/scanner.go:223.2,223.14 1 1
github.com/mili/moxie/internal/scanner/scanner.go:228.37,229.14 1 1
github.com/mili/moxie/internal/scanner/scanner.go:232.55,233.14 1 1
github.com/mili/moxie/internal/scanner/scanner.go:235.2,235.14 1 1
github.com/mili/moxie/internal/scanner/scanner.go:239.37,244.28 4 1
github.com/mili/moxie/internal/scanner/scanner.go:244.28,245.16 1 1
github.com/mili/moxie/internal/scanner/scanner.go:245.16,246.12 1 1
github.com/mili/moxie/internal/scanner/scanner.go:248.3,250.73 3 1
github.com/mili/moxie/internal/scanner/scanner.go:250.73,251.12 1 1
github.com/mili/moxie/internal/scanner/scanner.go:253.3,253.23 1 1
github.com/mili/moxie/internal/scanner/scanner.go:253.23,254.12 1 0
github.com/mili/moxie/internal/scanner/scanner.go:256.3,257.17 2 1
github.com/mili/moxie/internal/scanner/scanner.go:257.17,258.12 1 0
github.com/mili/moxie/internal/scanner/scanner.go:260.3,260.29 1 1
github.com/mili/moxie/internal/scanner/scanner.go:260.29,263.4 2 1
github.com/mili/moxie/internal/scanner/scanner.go:265.2,265.13 1 1
github.com/mili/moxie/internal/scanner/scanner.go:269.32,271.74 2 1
github.com/mili/moxie/internal/scanner/scanner.go:271.74,272.30 1 1
github.com/mili/moxie/internal/scanner/scanner.go:272.30,274.4 1 1
github.com/mili/moxie/internal/scanner/scanner.go:275.3,276.17 2 1
github.com/mili/moxie/internal/scanner/scanner.go:276.17,278.4 1 0
github.com/mili/moxie/internal/scanner/scanner.go:279.3,280.13 2 1
github.com/mili/moxie/internal/scanner/scanner.go:282.2,282.13 1 1
github.com/mili/moxie/internal/scanner/scanner.go:286.35,295.30 3 1
github.com/mili/moxie/internal/scanner/scanner.go:295.30,296.34 1 1
github.com/mili/moxie/internal/scanner/scanner.go:296.34,298.4 1 1
github.com/mili/moxie/internal/scanner/scanner.go:300.2,300.14 1 1
github.com/mili/moxie/internal/steam/grid.go:28.84,32.2 3 1
github.com/mili/moxie/internal/steam/grid.go:41.90,42.20 1 0
github.com/mili/moxie/internal/steam/grid.go:42.20,44.3 1 0
github.com/mili/moxie/internal/steam/grid.go:45.2,45.76 1 0
github.com/mili/moxie/internal/steam/grid.go:49.89,50.20 1 0
github.com/mili/moxie/internal/steam/grid.go:50.20,52.3 1 0
github.com/mili/moxie/internal/steam/grid.go:53.2,53.72 1 0
github.com/mili/moxie/internal/steam/grid.go:57.95,58.20 1 0
github.com/mili/moxie/internal/steam/grid.go:58.20,60.3 1 0
github.com/mili/moxie/internal/steam/grid.go:61.2,61.78 1 0
github.com/mili/moxie/internal/steam/grid.go:69.84,70.20 1 0
github.com/mili/moxie/internal/steam/grid.go:70.20,72.3 1 0
github.com/mili/moxie/internal/steam/grid.go:75.2,75.80 1 0
github.com/mili/moxie/internal/steam/grid.go:75.80,77.3 1 0
github.com/mili/moxie/internal/steam/grid.go:80.2,81.16 2 0
github.com/mili/moxie/internal/steam/grid.go:81.16,83.3 1 0
github.com/mili/moxie/internal/steam/grid.go:84.2,86.38 2 0
github.com/mili/moxie/internal/steam/grid.go:86.38,88.3 1 0
github.com/mili/moxie/internal/steam/grid.go:91.2,92.16 2 0
github.com/mili/moxie/internal/steam/grid.go:92.16,94.3 1 0
github.com/mili/moxie/internal/steam/grid.go:97.2,97.73 1 0
github.com/mili/moxie/internal/steam/grid.go:97.73,98.80 1 0
github.com/mili/moxie/internal/steam/grid.go:98.80,99.30 1 0
github.com/mili/moxie/internal/steam/grid.go:99.30,101.5 1 0
github.com/mili/moxie/internal/steam/grid.go:105.2,105.12 1 0
github.com/mili/moxie/internal/steam/grid.go:114.101,117.22 2 0
github.com/mili/moxie/internal/steam/grid.go:117.22,119.3 1 0
github.com/mili/moxie/internal/steam/grid.go:120.2,125.66 4 0
github.com/mili/moxie/internal/steam/grid.go:125.66,127.3 1 0
github.com/mili/moxie/internal/steam/grid.go:128.2,129.16 2 0
github.com/mili/moxie/internal/steam/grid.go:129.16,131.3 1 0
github.com/mili/moxie/internal/steam/grid.go:132.2,134.43 2 0
github.com/mili/moxie/internal/steam/grid.go:134.43,136.3 1 0
github.com/mili/moxie/internal/steam/grid.go:138.2,138.12 1 0
github.com/mili/moxie/internal/steam/grid.go:143.100,145.70 1 0
github.com/mili/moxie/internal/steam/grid.go:145.70,147.3 1 0
github.com/mili/moxie/internal/steam/grid.go:150.2,151.16 2 0
github.com/mili/moxie/internal/steam/grid.go:151.16,153.3 1 0
github.com/mili/moxie/internal/steam/grid.go:154.2,156.38 2 0
github.com/mili/moxie/internal/steam/grid.go:156.38,158.3 1 0
github.com/mili/moxie/internal/steam/grid.go:161.2,162.16 2 0
github.com/mili/moxie/internal/steam/grid.go:162.16,164.3 1 0
github.com/mili/moxie/internal/steam/grid.go:167.2,168.22 2 0
github.com/mili/moxie/internal/steam/grid.go:168.22,170.3 1 0
github.com/mili/moxie/internal/steam/grid.go:171.2,176.66 4 0
github.com/mili/moxie/internal/steam/grid.go:176.66,178.3 1 0
github.com/mili/moxie/internal/steam/grid.go:179.2,180.16 2 0
github.com/mili/moxie/internal/steam/grid.go:180.16,182.3 1 0
github.com/mili/moxie/internal/steam/grid.go:183.2,185.43 2 0
github.com/mili/moxie/internal/steam/grid.go:185.43,187.3 1 0
github.com/mili/moxie/internal/steam/grid.go:189.2,189.12 1 0
github.com/mili/moxie/internal/steam/proton.go:24.83,25.16 1 0
github.com/mili/moxie/internal/steam/proton.go:25.16,27.3 1 0
github.com/mili/moxie/internal/steam/proton.go:30.2,30.35 1 0
github.com/mili/moxie/internal/steam/proton.go:30.35,32.3 1 0
github.com/mili/moxie/internal/steam/proton.go:34.2,38.16 3 0
github.com/mili/moxie/internal/steam/proton.go:38.16,40.3 1 0
github.com/mili/moxie/internal/steam/proton.go:41.2,41.16 1 0
github.com/mili/moxie/internal/steam/proton.go:41.16,43.3 1 0
github.com/mili/moxie/internal/steam/proton.go:47.2,61.40 8 0
github.com/mili/moxie/internal/steam/proton.go:68.71,69.16 1 0
github.com/mili/moxie/internal/steam/proton.go:69.16,71.3 1 0
github.com/mili/moxie/internal/steam/proton.go:73.2,75.30 3 0
github.com/mili/moxie/internal/steam/proton.go:75.30,77.3 1 0
github.com/mili/moxie/internal/steam/proton.go:80.2,81.16 2 0
github.com/mili/moxie/internal/steam/proton.go:81.16,83.3 1 0
github.com/mili/moxie/internal/steam/proton.go:85.2,87.9 3 0
github.com/mili/moxie/internal/steam/proton.go:87.9,89.3 1 0
github.com/mili/moxie/internal/steam/proton.go:91.2,91.44 1 0
github.com/mili/moxie/internal/steam/proton.go:91.44,93.3 1 0
github.com/mili/moxie/internal/steam/proton.go:94.2,94.16 1 0
github.com/mili/moxie/internal/steam/proton.go:99.64,100.16 1 0
github.com/mili/moxie/internal/steam/proton.go:100.16,102.3 1 0
github.com/mili/moxie/internal/steam/proton.go:104.2,106.30 3 0
github.com/mili/moxie/internal/steam/proton.go:106.30,108.3 1 0
github.com/mili/moxie/internal/steam/proton.go:110.2,111.16 2 0
github.com/mili/moxie/internal/steam/proton.go:111.16,113.3 1 0
github.com/mili/moxie/internal/steam/proton.go:115.2,117.40 3 0
github.com/mili/moxie/internal/steam/proton.go:125.61,126.16 1 0
github.com/mili/moxie/internal/steam/proton.go:126.16,128.3 1 0
github.com/mili/moxie/internal/steam/proton.go:130.2,140.16 7 0
github.com/mili/moxie/internal/steam/proton.go:140.16,141.29 1 0
github.com/mili/moxie/internal/steam/proton.go:141.29,142.59 1 0
github.com/mili/moxie/internal/steam/proton.go:142.59,146.20 4 0
github.com/mili/moxie/internal/steam/proton.go:146.20,149.6 2 0
github.com/mili/moxie/internal/steam/proton.go:155.2,155.24 1 0
github.com/mili/moxie/internal/steam/proton.go:155.24,159.3 3 0
github.com/mili/moxie/internal/steam/proton.go:161.2,162.22 2 0
github.com/mili/moxie/internal/steam/proton.go:171.65,173.16 2 0
github.com/mili/moxie/internal/steam/proton.go:173.16,174.25 1 0
github.com/mili/moxie/internal/steam/proton.go:174.25,176.4 1 0
github.com/mili/moxie/internal/steam/proton.go:177.3,177.18 1 0
github.com/mili/moxie/internal/steam/proton.go:179.2,181.33 2 0
github.com/mili/moxie/internal/steam/proton.go:186.68,188.52 1 0
github.com/mili/moxie/internal/steam/proton.go:188.52,190.62 2 0
github.com/mili/moxie/internal/steam/proton.go:190.62,192.4 1 0
github.com/mili/moxie/internal/steam/proton.go:196.2,198.16 3 0
github.com/mili/moxie/internal/steam/proton.go:198.16,200.3 1 0
github.com/mili/moxie/internal/steam/proton.go:201.2,204.44 3 0
github.com/mili/moxie/internal/steam/proton.go:204.44,207.3 2 0
github.com/mili/moxie/internal/steam/proton.go:208.2,211.49 2 0
github.com/mili/moxie/internal/steam/proton.go:211.49,213.3 1 0
github.com/mili/moxie/internal/steam/proton.go:216.2,216.45 1 0
github.com/mili/moxie/internal/steam/proton.go:216.45,218.3 1 0
github.com/mili/moxie/internal/steam/proton.go:220.2,220.12 1 0
github.com/mili/moxie/internal/steam/proton.go:224.61,229.2 4 1
github.com/mili/moxie/internal/steam/proton.go:233.78,238.19 3 1
github.com/mili/moxie/internal/steam/proton.go:238.19,240.3 1 1
github.com/mili/moxie/internal/steam/proton.go:241.2,243.25 2 1
github.com/mili/moxie/internal/steam/proton.go:243.25,245.26 2 1
github.com/mili/moxie/internal/steam/proton.go:246.31,250.46 3 1
github.com/mili/moxie/internal/steam/proton.go:251.15,253.91 1 1
github.com/mili/moxie/internal/steam/proton.go:260.33,264.2 3 1
github.com/mili/moxie/internal/steam/proton.go:268.82,269.57 1 1
github.com/mili/moxie/internal/steam/proton.go:269.57,271.3 1 1
github.com/mili/moxie/internal/steam/proton.go:272.2,274.15 3 1
github.com/mili/moxie/internal/steam/proton.go:279.78,281.16 2 1
github.com/mili/moxie/internal/steam/proton.go:281.16,283.3 1 1
github.com/mili/moxie/internal/steam/proton.go:284.2,285.15 2 1
github.com/mili/moxie/internal/steam/proton.go:285.15,287.3 1 0
github.com/mili/moxie/internal/steam/proton.go:288.2,289.18 2 1
github.com/mili/moxie/internal/steam/proton.go:289.18,291.3 1 1
github.com/mili/moxie/internal/steam/proton.go:292.2,293.21 2 1
github.com/mili/moxie/internal/steam/proton.go:293.21,295.3 1 0
github.com/mili/moxie/internal/steam/proton.go:296.2,297.12 2 1
github.com/mili/moxie/internal/steam/proton.go:304.41,305.23 1 1
github.com/mili/moxie/internal/steam/proton.go:305.23,307.3 1 1
github.com/mili/moxie/internal/steam/proton.go:309.2,309.45 1 1
github.com/mili/moxie/internal/steam/proton.go:309.45,311.3 1 1
github.com/mili/moxie/internal/steam/proton.go:312.2,313.40 2 1
github.com/mili/moxie/internal/steam/proton.go:313.40,315.3 1 1
github.com/mili/moxie/internal/steam/proton.go:316.2,316.43 1 1
github.com/mili/moxie/internal/steam/proton.go:316.43,318.3 1 1
github.com/mili/moxie/internal/steam/proton.go:319.2,319.14 1 1
github.com/mili/moxie/internal/steam/proton.go:325.74,327.16 2 0
github.com/mili/moxie/internal/steam/proton.go:327.16,329.3 1 0
github.com/mili/moxie/internal/steam/proton.go:330.2,330.28 1 0
github.com/mili/moxie/internal/steam/proton.go:330.28,331.17 1 0
github.com/mili/moxie/internal/steam/proton.go:331.17,332.12 1 0
github.com/mili/moxie/internal/steam/proton.go:334.3,335.40 2 0
github.com/mili/moxie/internal/steam/proton.go:335.40,336.12 1 0
github.com/mili/moxie/internal/steam/proton.go:338.3,339.18 2 0
github.com/mili/moxie/internal/steam/proton.go:339.18,342.4 2 0
github.com/mili/moxie/internal/steam/shortcuts.go:31.58,33.16 2 1
github.com/mili/moxie/internal/steam/shortcuts.go:33.16,34.25 1 1
github.com/mili/moxie/internal/steam/shortcuts.go:34.25,36.4 1 1
github.com/mili/moxie/internal/steam/shortcuts.go:37.3,37.70 1 0
github.com/mili/moxie/internal/steam/shortcuts.go:40.2,41.16 2 1
github.com/mili/moxie/internal/steam/shortcuts.go:41.16,43.3 1 0
github.com/mili/moxie/internal/steam/shortcuts.go:45.2,45.34 1 1
github.com/mili/moxie/internal/steam/shortcuts.go:55.67,57.41 1 1
github.com/mili/moxie/internal/steam/shortcuts.go:57.41,60.17 3 0
github.com/mili/moxie/internal/steam/shortcuts.go:60.17,62.4 1 0
github.com/mili/moxie/internal/steam/shortcuts.go:63.3,63.58 1 0
github.com/mili/moxie/internal/steam/shortcuts.go:63.58,65.4 1 0
github.com/mili/moxie/internal/steam/shortcuts.go:69.2,71.16 3 1
github.com/mili/moxie/internal/steam/shortcuts.go:71.16,73.3 1 0
github.com/mili/moxie/internal/steam/shortcuts.go:76.2,78.16 3 1
github.com/mili/moxie/internal/steam/shortcuts.go:78.16,80.3 1 0
github.com/mili/moxie/internal/steam/shortcuts.go:81.2,84.43 3 1
github.com/mili/moxie/internal/steam/shortcuts.go:84.43,87.3 2 0
github.com/mili/moxie/internal/steam/shortcuts.go:88.2,91.49 2 1
github.com/mili/moxie/internal/steam/shortcuts.go:91.49,93.3 1 0
github.com/mili/moxie/internal/steam/shortcuts.go:95.2,95.45 1 1
github.com/mili/moxie/internal/steam/shortcuts.go:95.45,97.3 1 0
github.com/mili/moxie/internal/steam/shortcuts.go:99.2,99.12 1 1
github.com/mili/moxie/internal/steam/shortcuts.go:110.70,111.31 1 1
github.com/mili/moxie/internal/steam/shortcuts.go:111.31,112.50 1 1
github.com/mili/moxie/internal/steam/shortcuts.go:112.50,114.4 1 1
github.com/mili/moxie/internal/steam/shortcuts.go:118.2,118.22 1 1
github.com/mili/moxie/internal/steam/shortcuts.go:118.22,120.3 1 1
github.com/mili/moxie/internal/steam/shortcuts.go:123.2,124.31 2 1
github.com/mili/moxie/internal/steam/shortcuts.go:124.31,125.21 1 1
github.com/mili/moxie/internal/steam/shortcuts.go:125.21,127.4 1 1
github.com/mili/moxie/internal/steam/shortcuts.go:129.2,129.19 1 1
github.com/mili/moxie/internal/steam/shortcuts.go:129.19,131.3 1 1
github.com/mili/moxie/internal/steam/shortcuts.go:132.2,135.12 3 1
github.com/mili/moxie/internal/steam/shortcuts.go:140.65,141.31 1 1
github.com/mili/moxie/internal/steam/shortcuts.go:141.31,142.23 1 1
github.com/mili/moxie/internal/steam/shortcuts.go:142.23,145.4 2 1
github.com/mili/moxie/internal/steam/shortcuts.go:147.2,147.12 1 1
github.com/mili/moxie/internal/steam/shortcuts.go:152.71,153.30 1 1
github.com/mili/moxie/internal/steam/shortcuts.go:153.30,154.42 1 1
github.com/mili/moxie/internal/steam/shortcuts.go:154.42,156.4 1 1
github.com/mili/moxie/internal/steam/shortcuts.go:158.2,158.12 1 1
github.com/mili/moxie/internal/steam/shortcuts.go:162.78,163.30 1 1
github.com/mili/moxie/internal/steam/shortcuts.go:163.30,164.23 1 1
github.com/mili/moxie/internal/steam/shortcuts.go:164.23,166.4 1 1
github.com/mili/moxie/internal/steam/shortcuts.go:168.2,168.12 1 1
github.com/mili/moxie/internal/steam/shortcuts.go:176.51,178.9 2 1
github.com/mili/moxie/internal/steam/shortcuts.go:178.9,180.3 1 1
github.com/mili/moxie/internal/steam/shortcuts.go:182.2,185.27 3 1
github.com/mili/moxie/internal/steam/shortcuts.go:185.27,186.46 1 1
github.com/mili/moxie/internal/steam/shortcuts.go:186.46,188.4 1 1
github.com/mili/moxie/internal/steam/shortcuts.go:190.2,191.27 2 1
github.com/mili/moxie/internal/steam/shortcuts.go:191.27,193.45 2 1
github.com/mili/moxie/internal/steam/shortcuts.go:193.45,195.4 1 1
github.com/mili/moxie/internal/steam/shortcuts.go:197.2,197.16 1 1
github.com/mili/moxie/internal/steam/shortcuts.go:201.50,221.22 2 1
github.com/mili/moxie/internal/steam/shortcuts.go:221.22,222.28 1 1
github.com/mili/moxie/internal/steam/shortcuts.go:222.28,223.27 1 1
github.com/mili/moxie/internal/steam/shortcuts.go:223.27,225.5 1 1
github.com/mili/moxie/internal/steam/shortcuts.go:226.4,226.23 1 1
github.com/mili/moxie/internal/steam/shortcuts.go:230.2,230.11 1 1
github.com/mili/moxie/internal/steam/shortcuts.go:235.59,237.30 2 1
github.com/mili/moxie/internal/steam/shortcuts.go:237.30,257.3 3 1
github.com/mili/moxie/internal/steam/shortcuts.go:258.2,258.43 1 1
github.com/mili/moxie/internal/steam/shortcuts.go:261.42,263.25 2 1
github.com/mili/moxie/internal/steam/shortcuts.go:263.25,267.3 1 1
github.com/mili/moxie/internal/steam/shortcuts.go:268.2,268.11 1 1
github.com/mili/moxie/internal/steam/shortcuts.go:273.60,274.24 1 1
github.com/mili/moxie/internal/steam/shortcuts.go:274.24,275.33 1 0
github.com/mili/moxie/internal/steam/shortcuts.go:275.33,277.4 1 0
github.com/mili/moxie/internal/steam/shortcuts.go:281.36,283.9 2 1
github.com/mili/moxie/internal/steam/shortcuts.go:283.9,285.3 1 1
github.com/mili/moxie/internal/steam/shortcuts.go:286.2,288.22 3 1
github.com/mili/moxie/internal/steam/shortcuts.go:288.22,289.46 1 1
github.com/mili/moxie/internal/steam/shortcuts.go:289.46,291.4 1 1
github.com/mili/moxie/internal/steam/shortcuts.go:293.2,294.30 2 1
github.com/mili/moxie/internal/steam/shortcuts.go:294.30,297.10 3 1
github.com/mili/moxie/internal/steam/shortcuts.go:297.10,298.12 1 0
github.com/mili/moxie/internal/steam/shortcuts.go:300.3,300.38 1 1
github.com/mili/moxie/internal/steam/shortcuts.go:300.38,302.4 1 1
github.com/mili/moxie/internal/steam/shortcuts.go:304.2,304.15 1 1
github.com/mili/moxie/internal/steam/shortcuts.go:311.46,312.34 1 1
github.com/mili/moxie/internal/steam/shortcuts.go:312.34,314.3 1 1
github.com/mili/moxie/internal/steam/shortcuts.go:315.2,315.11 1 1
github.com/mili/moxie/internal/steam/shortcuts.go:318.46,319.28 1 1
github.com/mili/moxie/internal/steam/shortcuts.go:320.14,321.11 1 1
github.com/mili/moxie/internal/steam/shortcuts.go:322.14,323.19 1 1
github.com/mili/moxie/internal/steam/shortcuts.go:324.13,325.19 1 1
github.com/mili/moxie/internal/steam/shortcuts.go:326.11,327.19 1 1
github.com/mili/moxie/internal/steam/shortcuts.go:328.15,329.19 1 1
github.com/mili/moxie/internal/steam/shortcuts.go:331.2,331.10 1 1
github.com/mili/moxie/internal/steam/shortcuts.go:334.42,336.2 1 1
github.com/mili/moxie/internal/steam/shortcuts.go:338.34,339.7 1 1
github.com/mili/moxie/internal/steam/shortcuts.go:339.7,341.3 1 1
github.com/mili/moxie/internal/steam/shortcuts.go:342.2,342.10 1 1
github.com/mili/moxie/internal/steam/shortcuts.go:347.36,348.16 1 1
github.com/mili/moxie/internal/steam/shortcuts.go:348.16,350.3 1 1
github.com/mili/moxie/internal/steam/shortcuts.go:351.2,351.25 1 1
github.com/mili/moxie/internal/steam/shortcuts.go:355.35,356.54 1 1
github.com/mili/moxie/internal/steam/shortcuts.go:356.54,358.3 1 1
github.com/mili/moxie/internal/steam/shortcuts.go:359.2,359.10 1 1
github.com/mili/moxie/internal/steam/steam.go:16.38,18.16 2 0
github.com/mili/moxie/internal/steam/steam.go:18.16,20.3 1 0
github.com/mili/moxie/internal/steam/steam.go:22.2,23.22 2 0
github.com/mili/moxie/internal/steam/steam.go:24.17,28.4 1 0
github.com/mili/moxie/internal/steam/steam.go:29.16,32.4 1 0
github.com/mili/moxie/internal/steam/steam.go:33.10,37.4 1 0
github.com/mili/moxie/internal/steam/steam.go:40.2,40.31 1 0
github.com/mili/moxie/internal/steam/steam.go:40.31,41.58 1 0
github.com/mili/moxie/internal/steam/steam.go:41.58,43.4 1 0
github.com/mili/moxie/internal/steam/steam.go:46.2,46.29 1 0
github.com/mili/moxie/internal/steam/steam.go:52.57,55.16 3 1
github.com/mili/moxie/internal/steam/steam.go:55.16,57.3 1 1
github.com/mili/moxie/internal/steam/steam.go:59.2,60.28 2 1
github.com/mili/moxie/internal/steam/steam.go:60.28,61.17 1 1
github.com/mili/moxie/internal/steam/steam.go:61.17,62.12 1 0
github.com/mili/moxie/internal/steam/steam.go:64.3,65.17 2 1
github.com/mili/moxie/internal/steam/steam.go:65.17,66.12 1 1
github.com/mili/moxie/internal/steam/steam.go:68.3,68.13 1 1
github.com/mili/moxie/internal/steam/steam.go:68.13,69.12 1 1
github.com/mili/moxie/internal/steam/steam.go:74.3,75.67 2 1
github.com/mili/moxie/internal/steam/steam.go:75.67,76.12 1 1
github.com/mili/moxie/internal/steam/steam.go:78.3,78.35 1 1
github.com/mili/moxie/internal/steam/steam.go:81.2,81.21 1 1
github.com/mili/moxie/internal/steam/steam.go:81.21,83.3 1 1
github.com/mili/moxie/internal/steam/steam.go:85.2,86.19 2 1
github.com/mili/moxie/internal/steam/steam.go:91.79,93.44 2 1
github.com/mili/moxie/internal/steam/steam.go:93.44,95.3 1 1
github.com/mili/moxie/internal/steam/steam.go:97.2,103.8 1 1
github.com/mili/moxie/internal/steam/steam.go:109.37,110.22 1 0
github.com/mili/moxie/internal/steam/steam.go:111.15,112.31 1 0
github.com/mili/moxie/internal/steam/steam.go:113.16,114.32 1 0
github.com/mili/moxie/internal/steam/steam.go:115.17,116.33 1 0
github.com/mili/moxie/internal/steam/steam.go:117.10,118.20 1 0
github.com/mili/moxie/internal/steam/steam.go:124.42,126.16 2 0
github.com/mili/moxie/internal/steam/steam.go:126.16,128.3 1 0
github.com/mili/moxie/internal/steam/steam.go:129.2,129.28 1 0
github.com/mili/moxie/internal/steam/steam.go:129.28,130.41 1 0
github.com/mili/moxie/internal/steam/steam.go:130.41,131.12 1 0
github.com/mili/moxie/internal/steam/steam.go:133.3,134.17 2 0
github.com/mili/moxie/internal/steam/steam.go:134.17,135.12 1 0
github.com/mili/moxie/internal/steam/steam.go:137.3,137.65 1 0
github.com/mili/moxie/internal/steam/steam.go:137.65,139.4 1 0
github.com/mili/moxie/internal/steam/steam.go:141.2,141.19 1 0
github.com/mili/moxie/internal/steam/steam.go:145.43,147.34 2 0
github.com/mili/moxie/internal/steam/steam.go:147.34,148.74 1 0
github.com/mili/moxie/internal/steam/steam.go:148.74,150.4 1 0
github.com/mili/moxie/internal/steam/steam.go:151.3,151.20 1 0
github.com/mili/moxie/internal/steam/steam.go:153.2,153.18 1 0
github.com/mili/moxie/internal/steam/steam.go:157.44,160.16 3 0
github.com/mili/moxie/internal/steam/steam.go:160.16,162.3 1 0
github.com/mili/moxie/internal/steam/steam.go:163.2,163.56 1 0
github.com/mili/moxie/internal/steam/steam.go:167.31,168.13 1 1
github.com/mili/moxie/internal/steam/steam.go:168.13,170.3 1 1
github.com/mili/moxie/internal/steam/steam.go:171.2,171.22 1 1
github.com/mili/moxie/internal/steam/steam.go:171.22,172.25 1 1
github.com/mili/moxie/internal/steam/steam.go:172.25,174.4 1 1
github.com/mili/moxie/internal/steam/steam.go:176.2,176.13 1 1
github.com/mili/moxie/internal/steam/steamgriddb.go:31.47,37.2 1 0
github.com/mili/moxie/internal/steam/steamgriddb.go:53.72,55.16 2 0
github.com/mili/moxie/internal/steam/steamgriddb.go:55.16,57.3 1 0
github.com/mili/moxie/internal/steam/steamgriddb.go:58.2,59.59 2 0
github.com/mili/moxie/internal/steam/steamgriddb.go:59.59,61.3 1 0
github.com/mili/moxie/internal/steam/steamgriddb.go:62.2,62.22 1 0
github.com/mili/moxie/internal/steam/steamgriddb.go:62.22,64.3 1 0
github.com/mili/moxie/internal/steam/steamgriddb.go:66.2,66.28 1 0
github.com/mili/moxie/internal/steam/steamgriddb.go:66.28,68.3 1 0
github.com/mili/moxie/internal/steam/steamgriddb.go:69.2,69.26 1 0
github.com/mili/moxie/internal/steam/steamgriddb.go:74.105,77.22 3 0
github.com/mili/moxie/internal/steam/steamgriddb.go:77.22,79.3 1 0
github.com/mili/moxie/internal/steam/steamgriddb.go:80.2,82.16 3 0
github.com/mili/moxie/internal/steam/steamgriddb.go:82.16,84.3 1 0
github.com/mili/moxie/internal/steam/steamgriddb.go:85.2,86.59 2 0
github.com/mili/moxie/internal/steam/steamgriddb.go:86.59,88.3 1 0
github.com/mili/moxie/internal/steam/steamgriddb.go:89.2,89.21 1 0
github.com/mili/moxie/internal/steam/steamgriddb.go:93.87,95.16 2 0
github.com/mili/moxie/internal/steam/steamgriddb.go:95.16,97.3 1 0
github.com/mili/moxie/internal/steam/steamgriddb.go:98.2,99.59 2 0
github.com/mili/moxie/internal/steam/steamgriddb.go:99.59,101.3 1 0
github.com/mili/moxie/internal/steam/steamgriddb.go:102.2,102.21 1 0
github.com/mili/moxie/internal/steam/steamgriddb.go:107.101,110.22 3 0
github.com/mili/moxie/internal/steam/steamgriddb.go:110.22,112.3 1 0
github.com/mili/moxie/internal/steam/steamgriddb.go:113.2,114.16 2 0
github.com/mili/moxie/internal/steam/steamgriddb.go:114.16,116.3 1 0
github.com/mili/moxie/internal/steam/steamgriddb.go:117.2,118.59 2 0
github.com/mili/moxie/internal/steam/steamgriddb.go:118.59,120.3 1 0
github.com/mili/moxie/internal/steam/steamgriddb.go:121.2,121.21 1 0
github.com/mili/moxie/internal/steam/steamgriddb.go:125.83,127.16 2 0
github.com/mili/moxie/internal/steam/steamgriddb.go:127.16,129.3 1 0
github.com/mili/moxie/internal/steam/steamgriddb.go:130.2,131.59 2 0
github.com/mili/moxie/internal/steam/steamgriddb.go:131.59,133.3 1 0
github.com/mili/moxie/internal/steam/steamgriddb.go:134.2,134.21 1 0
github.com/mili/moxie/internal/steam/steamgriddb.go:143.67,145.16 2 0
github.com/mili/moxie/internal/steam/steamgriddb.go:145.16,147.3 1 0
github.com/mili/moxie/internal/steam/steamgriddb.go:148.2,149.38 2 0
github.com/mili/moxie/internal/steam/steamgriddb.go:149.38,151.3 1 0
github.com/mili/moxie/internal/steam/steamgriddb.go:152.2,152.66 1 0
github.com/mili/moxie/internal/steam/steamgriddb.go:152.66,154.3 1 0
github.com/mili/moxie/internal/steam/steamgriddb.go:155.2,156.16 2 0
github.com/mili/moxie/internal/steam/steamgriddb.go:156.16,158.3 1 0
github.com/mili/moxie/internal/steam/steamgriddb.go:159.2,160.49 2 0
github.com/mili/moxie/internal/steam/steamgriddb.go:160.49,162.3 1 0
github.com/mili/moxie/internal/steam/steamgriddb.go:163.2,163.12 1 0
github.com/mili/moxie/internal/steam/steamgriddb.go:173.62,175.28 2 0
github.com/mili/moxie/internal/steam/steamgriddb.go:175.28,177.75 1 0
github.com/mili/moxie/internal/steam/steamgriddb.go:177.75,178.12 1 0
github.com/mili/moxie/internal/steam/steamgriddb.go:180.3,180.42 1 0
github.com/mili/moxie/internal/steam/steamgriddb.go:180.42,182.4 1 0
github.com/mili/moxie/internal/steam/steamgriddb.go:184.2,184.17 1 0
github.com/mili/moxie/internal/steam/steamgriddb.go:184.17,186.3 1 0
github.com/mili/moxie/internal/steam/steamgriddb.go:187.2,187.23 1 0
github.com/mili/moxie/internal/steam/steamgriddb.go:191.57,194.26 3 0
github.com/mili/moxie/internal/steam/steamgriddb.go:194.26,198.3 3 0
github.com/mili/moxie/internal/steam/steamgriddb.go:199.2,203.16 4 0
github.com/mili/moxie/internal/steam/steamgriddb.go:203.16,205.3 1 0
github.com/mili/moxie/internal/steam/steamgriddb.go:206.2,209.16 3 0
github.com/mili/moxie/internal/steam/steamgriddb.go:209.16,211.3 1 0
github.com/mili/moxie/internal/steam/steamgriddb.go:212.2,215.16 3 0
github.com/mili/moxie/internal/steam/steamgriddb.go:215.16,217.3 1 0
github.com/mili/moxie/internal/steam/steamgriddb.go:218.2,218.38 1 0
github.com/mili/moxie/internal/steam/steamgriddb.go:218.38,220.3 1 0
github.com/mili/moxie/internal/steam/steamgriddb.go:221.2,221.18 1 0
github.com/mili/moxie/internal/steam/types.go:25.21,25.55 1 0
github.com/mili/moxie/internal/steam/types.go:44.34,45.11 1 1
github.com/mili/moxie/internal/steam/types.go:46.19,47.13 1 1
github.com/mili/moxie/internal/steam/types.go:48.21,49.12 1 1
github.com/mili/moxie/internal/steam/types.go:50.15,51.17 1 1
github.com/mili/moxie/internal/steam/types.go:52.15,53.17 1 1
github.com/mili/moxie/internal/steam/types.go:54.15,55.17 1 1
github.com/mili/moxie/internal/steam/types.go:57.2,57.11 1 1
github.com/mili/moxie/internal/steam/types.go:62.42,63.11 1 1
github.com/mili/moxie/internal/steam/types.go:64.19,65.18 1 1
github.com/mili/moxie/internal/steam/types.go:66.21,67.18 1 1
github.com/mili/moxie/internal/steam/types.go:68.15,69.19 1 1
github.com/mili/moxie/internal/steam/types.go:70.10,71.14 1 1
github.com/mili/moxie/internal/steam/types.go:120.48,125.2 4 1
github.com/mili/moxie/internal/commands/cleanup.go:46.29,57.16 9 0
github.com/mili/moxie/internal/commands/cleanup.go:57.16,60.3 2 0
github.com/mili/moxie/internal/commands/cleanup.go:63.2,64.26 2 0
github.com/mili/moxie/internal/commands/cleanup.go:64.26,65.21 1 0
github.com/mili/moxie/internal/commands/cleanup.go:65.21,67.4 1 0
github.com/mili/moxie/internal/commands/cleanup.go:70.2,70.23 1 0
github.com/mili/moxie/internal/commands/cleanup.go:70.23,73.3 2 0
github.com/mili/moxie/internal/commands/cleanup.go:75.2,79.28 4 0
github.com/mili/moxie/internal/commands/cleanup.go:79.28,83.43 2 0
github.com/mili/moxie/internal/commands/cleanup.go:83.43,85.4 1 0
github.com/mili/moxie/internal/commands/cleanup.go:88.3,88.40 1 0
github.com/mili/moxie/internal/commands/cleanup.go:88.40,90.4 1 0
github.com/mili/moxie/internal/commands/cleanup.go:92.3,92.23 1 0
github.com/mili/moxie/internal/commands/cleanup.go:92.23,93.12 1 0
github.com/mili/moxie/internal/commands/cleanup.go:96.3,97.32 2 0
github.com/mili/moxie/internal/commands/cleanup.go:97.32,99.4 1 0
github.com/mili/moxie/internal/commands/cleanup.go:101.3,101.14 1 0
github.com/mili/moxie/internal/commands/cleanup.go:101.14,102.12 1 0
github.com/mili/moxie/internal/commands/cleanup.go:107.3,108.28 2 0
github.com/mili/moxie/internal/commands/cleanup.go:108.28,109.77 1 0
github.com/mili/moxie/internal/commands/cleanup.go:109.77,111.10 2 0
github.com/mili/moxie/internal/commands/cleanup.go:114.3,114.23 1 0
github.com/mili/moxie/internal/commands/cleanup.go:114.23,115.12 1 0
github.com/mili/moxie/internal/commands/cleanup.go:118.3,118.23 1 0
github.com/mili/moxie/internal/commands/cleanup.go:118.23,121.12 3 0
github.com/mili/moxie/internal/commands/cleanup.go:125.3,128.37 4 0
github.com/mili/moxie/internal/commands/cleanup.go:128.37,131.4 2 0
github.com/mili/moxie/internal/commands/cleanup.go:134.2,134.28 1 0
github.com/mili/moxie/internal/commands/cleanup.go:134.28,136.3 1 0
github.com/mili/moxie/internal/commands/cleanup.go:137.2,137.18 1 0
github.com/mili/moxie/internal/commands/cleanup.go:137.18,139.3 1 0
github.com/mili/moxie/internal/commands/cleanup.go:140.2,140.23 1 0
github.com/mili/moxie/internal/commands/cleanup.go:140.23,142.3 1 0
github.com/mili/moxie/internal/commands/cleanup.go:154.68,155.20 1 1
github.com/mili/moxie/internal/commands/cleanup.go:155.20,157.3 1 1
github.com/mili/moxie/internal/commands/cleanup.go:158.2,158.58 1 1
github.com/mili/moxie/internal/commands/cleanup.go:158.58,160.3 1 1
github.com/mili/moxie/internal/commands/cleanup.go:162.2,163.24 2 1
github.com/mili/moxie/internal/commands/cleanup.go:163.24,165.3 1 1
github.com/mili/moxie/internal/commands/cleanup.go:167.2,167.27 1 1
github.com/mili/moxie/internal/commands/cleanup.go:167.27,169.36 2 1
github.com/mili/moxie/internal/commands/cleanup.go:169.36,170.43 1 1
github.com/mili/moxie/internal/commands/cleanup.go:170.43,172.5 1 1
github.com/mili/moxie/internal/commands/cleanup.go:176.2,176.14 1 1
github.com/mili/moxie/internal/commands/cleanup.go:196.84,197.58 1 1
github.com/mili/moxie/internal/commands/cleanup.go:197.58,199.3 1 1
github.com/mili/moxie/internal/commands/cleanup.go:201.2,202.24 2 1
github.com/mili/moxie/internal/commands/cleanup.go:202.24,204.3 1 1
github.com/mili/moxie/internal/commands/cleanup.go:209.2,210.35 2 1
github.com/mili/moxie/internal/commands/cleanup.go:210.35,211.44 1 1
github.com/mili/moxie/internal/commands/cleanup.go:211.44,213.4 1 1
github.com/mili/moxie/internal/commands/cleanup.go:218.2,218.19 1 1
github.com/mili/moxie/internal/commands/cleanup.go:218.19,219.28 1 1
github.com/mili/moxie/internal/commands/cleanup.go:219.28,221.37 2 1
github.com/mili/moxie/internal/commands/cleanup.go:221.37,222.44 1 1
github.com/mili/moxie/internal/commands/cleanup.go:222.44,224.6 1 1
github.com/mili/moxie/internal/commands/cleanup.go:231.2,231.35 1 1
github.com/mili/moxie/internal/commands/cleanup.go:231.35,233.3 1 1
github.com/mili/moxie/internal/commands/cleanup.go:238.2,239.53 2 1
github.com/mili/moxie/internal/commands/cleanup.go:239.53,240.33 1 1
github.com/mili/moxie/internal/commands/cleanup.go:240.33,241.39 1 1
github.com/mili/moxie/internal/commands/cleanup.go:241.39,243.10 2 1
github.com/mili/moxie/internal/commands/cleanup.go:246.3,246.22 1 1
github.com/mili/moxie/internal/commands/cleanup.go:246.22,247.9 1 1
github.com/mili/moxie/internal/commands/cleanup.go:251.2,251.21 1 1
github.com/mili/moxie/internal/commands/cleanup.go:251.21,252.28 1 1
github.com/mili/moxie/internal/commands/cleanup.go:252.28,254.55 2 1
github.com/mili/moxie/internal/commands/cleanup.go:254.55,255.35 1 1
github.com/mili/moxie/internal/commands/cleanup.go:255.35,256.39 1 1
github.com/mili/moxie/internal/commands/cleanup.go:256.39,258.12 2 0
github.com/mili/moxie/internal/commands/cleanup.go:261.5,261.24 1 1
github.com/mili/moxie/internal/commands/cleanup.go:261.24,262.11 1 0
github.com/mili/moxie/internal/commands/cleanup.go:265.4,265.23 1 1
github.com/mili/moxie/internal/commands/cleanup.go:265.23,266.10 1 0
github.com/mili/moxie/internal/commands/cleanup.go:271.2,271.21 1 1
github.com/mili/moxie/internal/commands/cleanup.go:271.21,274.3 1 1
github.com/mili/moxie/internal/commands/cleanup.go:278.2,278.42 1 1
github.com/mili/moxie/internal/commands/cleanup.go:278.42,280.3 1 0
github.com/mili/moxie/internal/commands/cleanup.go:281.2,281.82 1 1
github.com/mili/moxie/internal/commands/cleanup.go:281.82,283.3 1 1
github.com/mili/moxie/internal/commands/cleanup.go:285.2,285.14 1 1
github.com/mili/moxie/internal/commands/cleanup.go:291.44,292.22 1 0
github.com/mili/moxie/internal/commands/cleanup.go:292.22,294.3 1 0
github.com/mili/moxie/internal/commands/cleanup.go:296.2,297.58 2 0
github.com/mili/moxie/internal/commands/cleanup.go:297.58,299.3 1 0
github.com/mili/moxie/internal/commands/cleanup.go:301.2,302.21 2 0
github.com/mili/moxie/internal/commands/cleanup.go:302.21,304.3 1 0
github.com/mili/moxie/internal/commands/cleanup.go:306.2,306.42 1 0
github.com/mili/moxie/internal/commands/cleanup.go:306.42,308.3 1 0
github.com/mili/moxie/internal/commands/cleanup.go:312.2,312.82 1 0
github.com/mili/moxie/internal/commands/cleanup.go:312.82,314.3 1 0
github.com/mili/moxie/internal/commands/cleanup.go:316.2,317.30 1 0
github.com/mili/moxie/internal/commands/cleanup.go:323.38,325.29 1 1
github.com/mili/moxie/internal/commands/cleanup.go:325.29,327.51 2 1
github.com/mili/moxie/internal/commands/cleanup.go:327.51,328.37 1 1
github.com/mili/moxie/internal/commands/cleanup.go:328.37,329.44 1 1
github.com/mili/moxie/internal/commands/cleanup.go:329.44,331.6 1 1
github.com/mili/moxie/internal/commands/cleanup.go:336.2,337.50 2 1
github.com/mili/moxie/internal/commands/cleanup.go:337.50,338.36 1 1
github.com/mili/moxie/internal/commands/cleanup.go:338.36,339.97 1 1
github.com/mili/moxie/internal/commands/cleanup.go:339.97,341.5 1 1
github.com/mili/moxie/internal/commands/cleanup.go:345.2,346.50 2 1
github.com/mili/moxie/internal/commands/cleanup.go:346.50,347.36 1 1
github.com/mili/moxie/internal/commands/cleanup.go:347.36,348.41 1 1
github.com/mili/moxie/internal/commands/cleanup.go:348.41,350.5 1 0
github.com/mili/moxie/internal/commands/cleanup.go:353.2,353.11 1 1
github.com/mili/moxie/internal/commands/cleanup.go:359.41,361.16 2 0
github.com/mili/moxie/internal/commands/cleanup.go:361.16,363.3 1 0
github.com/mili/moxie/internal/commands/cleanup.go:366.2,367.61 2 0
github.com/mili/moxie/internal/commands/cleanup.go:367.61,369.14 2 0
github.com/mili/moxie/internal/commands/cleanup.go:369.14,371.4 1 0
github.com/mili/moxie/internal/commands/cleanup.go:374.2,374.26 1 0
github.com/mili/moxie/internal/commands/cleanup.go:374.26,376.3 1 0
github.com/mili/moxie/internal/commands/cleanup.go:379.2,380.28 2 0
github.com/mili/moxie/internal/commands/cleanup.go:380.28,381.16 1 0
github.com/mili/moxie/internal/commands/cleanup.go:381.16,382.12 1 0
github.com/mili/moxie/internal/commands/cleanup.go:384.3,389.42 3 0
github.com/mili/moxie/internal/commands/cleanup.go:389.42,391.4 1 0
github.com/mili/moxie/internal/commands/cleanup.go:394.2,394.24 1 0
github.com/mili/moxie/internal/commands/cleanup.go:394.24,396.3 1 0
github.com/mili/moxie/internal/commands/cleanup.go:401.2,407.31 3 0
github.com/mili/moxie/internal/commands/cleanup.go:407.31,410.52 3 0
github.com/mili/moxie/internal/commands/cleanup.go:410.52,411.12 1 0
github.com/mili/moxie/internal/commands/cleanup.go:413.3,413.47 1 0
github.com/mili/moxie/internal/commands/cleanup.go:415.2,415.30 1 0
github.com/mili/moxie/internal/commands/cleanup.go:415.30,417.3 1 0
github.com/mili/moxie/internal/commands/cleanup.go:419.2,419.37 1 0
github.com/mili/moxie/internal/commands/cleanup.go:419.37,423.32 3 0
github.com/mili/moxie/internal/commands/cleanup.go:423.32,424.39 1 0
github.com/mili/moxie/internal/commands/cleanup.go:424.39,426.5 1 0
github.com/mili/moxie/internal/commands/cleanup.go:430.2,430.92 1 0
github.com/mili/moxie/internal/commands/cleanup.go:435.58,438.47 3 0
github.com/mili/moxie/internal/commands/cleanup.go:438.47,440.3 1 0
github.com/mili/moxie/internal/commands/cleanup.go:440.8,442.3 1 0
github.com/mili/moxie/internal/commands/cleanup.go:447.53,448.20 1 1
github.com/mili/moxie/internal/commands/cleanup.go:448.20,450.3 1 1
github.com/mili/moxie/internal/commands/cleanup.go:451.2,451.22 1 1
github.com/mili/moxie/internal/commands/cleanup.go:451.22,453.3 1 1
github.com/mili/moxie/internal/commands/cleanup.go:454.2,454.83 1 1
github.com/mili/moxie/internal/commands/cleanup.go:458.37,463.16 4 0
github.com/mili/moxie/internal/commands/cleanup.go:463.16,466.3 2 0
github.com/mili/moxie/internal/commands/cleanup.go:468.2,469.26 2 0
github.com/mili/moxie/internal/commands/cleanup.go:469.26,471.19 2 0
github.com/mili/moxie/internal/commands/cleanup.go:471.19,472.12 1 0
github.com/mili/moxie/internal/commands/cleanup.go:474.3,474.26 1 0
github.com/mili/moxie/internal/commands/cleanup.go:474.26,475.12 1 0
github.com/mili/moxie/internal/commands/cleanup.go:477.3,479.49 3 0
github.com/mili/moxie/internal/commands/cleanup.go:479.49,481.12 2 0
github.com/mili/moxie/internal/commands/cleanup.go:483.3,485.65 2 0
github.com/mili/moxie/internal/commands/cleanup.go:488.2,488.18 1 0
github.com/mili/moxie/internal/commands/cleanup.go:488.18,490.3 1 0
github.com/mili/moxie/internal/commands/cleanup.go:490.8,492.3 1 0
github.com/mili/moxie/internal/commands/cleanup.go:497.50,499.21 2 1
github.com/mili/moxie/internal/commands/cleanup.go:499.21,501.3 1 1
github.com/mili/moxie/internal/commands/cleanup.go:503.2,504.50 2 1
github.com/mili/moxie/internal/commands/cleanup.go:504.50,505.36 1 1
github.com/mili/moxie/internal/commands/cleanup.go:505.36,506.24 1 1
github.com/mili/moxie/internal/commands/cleanup.go:506.24,508.5 1 1
github.com/mili/moxie/internal/commands/cleanup.go:511.2,511.11 1 1
github.com/mili/moxie/internal/commands/config.go:12.28,13.19 1 0
github.com/mili/moxie/internal/commands/config.go:13.19,19.3 5 0
github.com/mili/moxie/internal/commands/config.go:20.2,20.17 1 0
github.com/mili/moxie/internal/commands/config.go:21.13,22.22 1 0
github.com/mili/moxie/internal/commands/config.go:23.13,24.22 1 0
github.com/mili/moxie/internal/commands/config.go:25.14,26.15 1 0
github.com/mili/moxie/internal/commands/config.go:27.10,29.13 2 0
github.com/mili/moxie/internal/commands/config.go:34.31,35.19 1 0
github.com/mili/moxie/internal/commands/config.go:35.19,38.3 2 0
github.com/mili/moxie/internal/commands/config.go:39.2,43.16 4 0
github.com/mili/moxie/internal/commands/config.go:43.16,46.3 2 0
github.com/mili/moxie/internal/commands/config.go:47.2,48.46 2 0
github.com/mili/moxie/internal/commands/config.go:48.46,51.3 2 0
github.com/mili/moxie/internal/commands/config.go:52.2,52.41 1 0
github.com/mili/moxie/internal/commands/config.go:56.31,57.19 1 0
github.com/mili/moxie/internal/commands/config.go:57.19,60.3 2 0
github.com/mili/moxie/internal/commands/config.go:61.2,62.16 2 0
github.com/mili/moxie/internal/commands/config.go:62.16,65.3 2 0
github.com/mili/moxie/internal/commands/config.go:66.2,67.24 2 0
github.com/mili/moxie/internal/commands/config.go:67.24,70.3 2 0
github.com/mili/moxie/internal/commands/config.go:71.2,71.20 1 0
github.com/mili/moxie/internal/commands/config.go:75.19,77.16 2 0
github.com/mili/moxie/internal/commands/config.go:77.16,80.3 2 0
github.com/mili/moxie/internal/commands/config.go:81.2,81.19 1 0
github.com/mili/moxie/internal/commands/config.go:81.19,84.3 2 0
github.com/mili/moxie/internal/commands/config.go:85.2,85.24 1 0
github.com/mili/moxie/internal/commands/config.go:85.24,87.64 2 0
github.com/mili/moxie/internal/commands/config.go:87.64,89.4 1 0
github.com/mili/moxie/internal/commands/config.go:90.3,90.40 1 0
github.com/mili/moxie/internal/commands/crud.go:18.26,25.19 6 0
github.com/mili/moxie/internal/commands/crud.go:25.19,28.3 2 0
github.com/mili/moxie/internal/commands/crud.go:29.2,32.16 3 0
github.com/mili/moxie/internal/commands/crud.go:32.16,35.3 2 0
github.com/mili/moxie/internal/commands/crud.go:37.2,39.16 3 0
github.com/mili/moxie/internal/commands/crud.go:39.16,42.3 2 0
github.com/mili/moxie/internal/commands/crud.go:45.2,45.25 1 0
github.com/mili/moxie/internal/commands/crud.go:45.25,47.27 2 0
github.com/mili/moxie/internal/commands/crud.go:47.27,48.41 1 0
github.com/mili/moxie/internal/commands/crud.go:48.41,50.5 1 0
github.com/mili/moxie/internal/commands/crud.go:52.3,52.19 1 0
github.com/mili/moxie/internal/commands/crud.go:55.2,55.14 1 0
github.com/mili/moxie/internal/commands/crud.go:55.14,60.3 4 0
github.com/mili/moxie/internal/commands/crud.go:62.2,63.26 2 0
github.com/mili/moxie/internal/commands/crud.go:63.26,66.22 3 0
github.com/mili/moxie/internal/commands/crud.go:66.22,68.4 1 0
github.com/mili/moxie/internal/commands/crud.go:69.3,69.16 1 0
github.com/mili/moxie/internal/commands/crud.go:72.2,72.32 1 0
github.com/mili/moxie/internal/commands/crud.go:72.32,74.3 1 0
github.com/mili/moxie/internal/commands/crud.go:76.2,79.36 4 0
github.com/mili/moxie/internal/commands/crud.go:79.36,82.3 2 0
github.com/mili/moxie/internal/commands/crud.go:84.2,89.26 5 0
github.com/mili/moxie/internal/commands/crud.go:89.26,92.17 2 0
github.com/mili/moxie/internal/commands/crud.go:92.17,94.12 2 0
github.com/mili/moxie/internal/commands/crud.go:96.3,96.22 1 0
github.com/mili/moxie/internal/commands/crud.go:96.22,99.12 3 0
github.com/mili/moxie/internal/commands/crud.go:102.3,103.23 2 0
github.com/mili/moxie/internal/commands/crud.go:103.23,105.4 1 0
github.com/mili/moxie/internal/commands/crud.go:107.3,116.54 2 0
github.com/mili/moxie/internal/commands/crud.go:116.54,118.4 1 0
github.com/mili/moxie/internal/commands/crud.go:118.9,121.4 2 0
github.com/mili/moxie/internal/commands/crud.go:123.2,123.96 1 0
github.com/mili/moxie/internal/commands/crud.go:127.26,139.16 10 0
github.com/mili/moxie/internal/commands/crud.go:139.16,142.3 2 0
github.com/mili/moxie/internal/commands/crud.go:144.2,144.14 1 0
github.com/mili/moxie/internal/commands/crud.go:144.14,149.3 4 0
github.com/mili/moxie/internal/commands/crud.go:151.2,151.21 1 0
github.com/mili/moxie/internal/commands/crud.go:151.21,154.3 2 0
github.com/mili/moxie/internal/commands/crud.go:156.2,156.15 1 0
github.com/mili/moxie/internal/commands/crud.go:156.15,159.27 3 0
github.com/mili/moxie/internal/commands/crud.go:159.27,161.17 2 0
github.com/mili/moxie/internal/commands/crud.go:161.17,163.5 1 0
github.com/mili/moxie/internal/commands/crud.go:165.4,166.44 2 0
github.com/mili/moxie/internal/commands/crud.go:166.44,168.5 1 0
github.com/mili/moxie/internal/commands/crud.go:169.4,169.41 1 0
github.com/mili/moxie/internal/commands/crud.go:169.41,171.5 1 0
github.com/mili/moxie/internal/commands/crud.go:172.4,173.21 2 0
github.com/mili/moxie/internal/commands/crud.go:173.21,175.5 1 0
github.com/mili/moxie/internal/commands/crud.go:176.4,177.72 1 0
github.com/mili/moxie/internal/commands/crud.go:179.8,182.27 3 0
github.com/mili/moxie/internal/commands/crud.go:182.27,184.17 2 0
github.com/mili/moxie/internal/commands/crud.go:184.17,186.5 1 0
github.com/mili/moxie/internal/commands/crud.go:187.4,188.90 1 0
github.com/mili/moxie/internal/commands/crud.go:192.2,193.16 2 0
github.com/mili/moxie/internal/commands/crud.go:193.16,195.3 1 0
github.com/mili/moxie/internal/commands/crud.go:196.2,197.16 2 0
github.com/mili/moxie/internal/commands/crud.go:197.16,199.3 1 0
github.com/mili/moxie/internal/commands/crud.go:200.2,200.81 1 0
github.com/mili/moxie/internal/commands/crud.go:204.26,205.19 1 0
github.com/mili/moxie/internal/commands/crud.go:205.19,208.3 2 0
github.com/mili/moxie/internal/commands/crud.go:209.2,215.16 5 0
github.com/mili/moxie/internal/commands/crud.go:215.16,218.3 2 0
github.com/mili/moxie/internal/commands/crud.go:219.2,219.17 1 0
github.com/mili/moxie/internal/commands/crud.go:219.17,222.3 2 0
github.com/mili/moxie/internal/commands/crud.go:224.2,240.31 15 0
github.com/mili/moxie/internal/commands/crud.go:240.31,244.26 4 0
github.com/mili/moxie/internal/commands/crud.go:244.26,246.4 1 0
github.com/mili/moxie/internal/commands/crud.go:247.3,247.78 1 0
github.com/mili/moxie/internal/commands/crud.go:252.25,260.19 7 0
github.com/mili/moxie/internal/commands/crud.go:260.19,263.3 2 0
github.com/mili/moxie/internal/commands/crud.go:264.2,267.16 3 0
github.com/mili/moxie/internal/commands/crud.go:267.16,270.3 2 0
github.com/mili/moxie/internal/commands/crud.go:272.2,272.18 1 0
github.com/mili/moxie/internal/commands/crud.go:272.18,274.3 1 0
github.com/mili/moxie/internal/commands/crud.go:276.2,277.17 2 0
github.com/mili/moxie/internal/commands/crud.go:277.17,278.47 1 0
github.com/mili/moxie/internal/commands/crud.go:278.47,280.21 2 0
github.com/mili/moxie/internal/commands/crud.go:280.21,282.5 1 0
github.com/mili/moxie/internal/commands/crud.go:287.2,287.19 1 0
github.com/mili/moxie/internal/commands/crud.go:287.19,289.49 2 0
github.com/mili/moxie/internal/commands/crud.go:289.49,292.4 2 0
github.com/mili/moxie/internal/commands/crud.go:295.2,308.16 5 0
github.com/mili/moxie/internal/commands/crud.go:308.16,311.3 2 0
github.com/mili/moxie/internal/commands/crud.go:312.2,312.69 1 0
github.com/mili/moxie/internal/commands/crud.go:316.28,317.19 1 0
github.com/mili/moxie/internal/commands/crud.go:317.19,320.3 2 0
github.com/mili/moxie/internal/commands/crud.go:321.2,324.44 3 0
github.com/mili/moxie/internal/commands/crud.go:324.44,327.3 2 0
github.com/mili/moxie/internal/commands/crud.go:329.2,333.31 4 0
github.com/mili/moxie/internal/commands/crud.go:333.31,336.3 2 0
github.com/mili/moxie/internal/commands/crud.go:338.2,339.50 2 0
github.com/mili/moxie/internal/commands/crud.go:339.50,342.3 2 0
github.com/mili/moxie/internal/commands/crud.go:343.2,343.60 1 0
github.com/mili/moxie/internal/commands/crud.go:347.29,348.19 1 0
github.com/mili/moxie/internal/commands/crud.go:348.19,351.3 2 0
github.com/mili/moxie/internal/commands/crud.go:352.2,355.44 3 0
github.com/mili/moxie/internal/commands/crud.go:355.44,358.3 2 0
github.com/mili/moxie/internal/commands/crud.go:360.2,364.31 4 0
github.com/mili/moxie/internal/commands/crud.go:364.31,367.3 2 0
github.com/mili/moxie/internal/commands/crud.go:369.2,371.50 3 0
github.com/mili/moxie/internal/commands/crud.go:371.50,374.3 2 0
github.com/mili/moxie/internal/commands/crud.go:375.2,375.70 1 0
github.com/mili/moxie/internal/commands/crud.go:379.28,380.19 1 0
github.com/mili/moxie/internal/commands/crud.go:380.19,383.3 2 0
github.com/mili/moxie/internal/commands/crud.go:384.2,390.31 5 0
github.com/mili/moxie/internal/commands/crud.go:390.31,393.3 2 0
github.com/mili/moxie/internal/commands/crud.go:395.2,395.48 1 0
github.com/mili/moxie/internal/commands/crud.go:395.48,398.3 2 0
github.com/mili/moxie/internal/commands/crud.go:399.2,399.59 1 0
github.com/mili/moxie/internal/commands/play.go:17.26,21.19 3 0
github.com/mili/moxie/internal/commands/play.go:21.19,24.3 2 0
github.com/mili/moxie/internal/commands/play.go:25.2,31.31 5 0
github.com/mili/moxie/internal/commands/play.go:31.31,34.3 2 0
github.com/mili/moxie/internal/commands/play.go:36.2,37.15 2 0
github.com/mili/moxie/internal/commands/play.go:37.15,40.3 2 0
github.com/mili/moxie/internal/commands/play.go:42.2,43.16 2 0
github.com/mili/moxie/internal/commands/play.go:43.16,46.3 2 0
github.com/mili/moxie/internal/commands/play.go:47.2,48.36 2 0
github.com/mili/moxie/internal/commands/play.go:48.36,51.3 2 0
github.com/mili/moxie/internal/commands/play.go:53.2,53.15 1 0
github.com/mili/moxie/internal/commands/play.go:57.42,59.21 1 0
github.com/mili/moxie/internal/commands/play.go:59.21,60.47 1 0
github.com/mili/moxie/internal/commands/play.go:60.47,62.4 1 0
github.com/mili/moxie/internal/commands/play.go:66.2,67.16 2 0
github.com/mili/moxie/internal/commands/play.go:67.16,69.3 1 0
github.com/mili/moxie/internal/commands/play.go:72.2,72.30 1 0
github.com/mili/moxie/internal/commands/play.go:72.30,74.37 2 0
github.com/mili/moxie/internal/commands/play.go:74.37,76.57 2 0
github.com/mili/moxie/internal/commands/play.go:76.57,77.35 1 0
github.com/mili/moxie/internal/commands/play.go:77.35,78.21 1 0
github.com/mili/moxie/internal/commands/play.go:78.21,81.7 1 0
github.com/mili/moxie/internal/commands/play.go:87.2,92.28 5 0
github.com/mili/moxie/internal/commands/play.go:92.28,93.16 1 0
github.com/mili/moxie/internal/commands/play.go:93.16,94.12 1 0
github.com/mili/moxie/internal/commands/play.go:96.3,98.10 3 0
github.com/mili/moxie/internal/commands/play.go:99.45,100.62 1 0
github.com/mili/moxie/internal/commands/play.go:101.58,102.58 1 0
github.com/mili/moxie/internal/commands/play.go:103.22,104.52 1 0
github.com/mili/moxie/internal/commands/play.go:105.11,107.32 1 0
github.com/mili/moxie/internal/commands/play.go:107.32,109.71 2 0
github.com/mili/moxie/internal/commands/play.go:109.71,112.21 2 0
github.com/mili/moxie/internal/commands/play.go:112.21,116.56 4 0
github.com/mili/moxie/internal/commands/play.go:116.56,118.8 1 0
github.com/mili/moxie/internal/commands/play.go:119.12,122.7 1 0
github.com/mili/moxie/internal/commands/play.go:129.2,129.29 1 0
github.com/mili/moxie/internal/commands/play.go:129.29,132.3 2 0
github.com/mili/moxie/internal/commands/play.go:136.2,136.24 1 0
github.com/mili/moxie/internal/commands/play.go:136.24,138.3 1 0
github.com/mili/moxie/internal/commands/play.go:139.2,139.22 1 0
github.com/mili/moxie/internal/commands/play.go:139.22,141.3 1 0
github.com/mili/moxie/internal/commands/play.go:142.2,142.27 1 0
github.com/mili/moxie/internal/commands/play.go:142.27,144.3 1 0
github.com/mili/moxie/internal/commands/play.go:145.2,145.19 1 0
github.com/mili/moxie/internal/commands/play.go:145.19,147.3 1 0
github.com/mili/moxie/internal/commands/play.go:148.2,148.11 1 0
github.com/mili/moxie/internal/commands/play.go:152.43,153.21 1 0
github.com/mili/moxie/internal/commands/play.go:153.21,155.3 1 0
github.com/mili/moxie/internal/commands/play.go:157.2,159.26 3 0
github.com/mili/moxie/internal/commands/play.go:159.26,161.17 2 0
github.com/mili/moxie/internal/commands/play.go:161.17,162.12 1 0
github.com/mili/moxie/internal/commands/play.go:164.3,167.36 2 0
github.com/mili/moxie/internal/commands/play.go:167.36,168.12 1 0
github.com/mili/moxie/internal/commands/play.go:170.3,170.29 1 0
github.com/mili/moxie/internal/commands/play.go:170.29,173.4 2 0
github.com/mili/moxie/internal/commands/play.go:175.2,175.13 1 0
github.com/mili/moxie/internal/commands/play.go:179.42,181.9 2 0
github.com/mili/moxie/internal/commands/play.go:182.26,183.27 1 0
github.com/mili/moxie/internal/commands/play.go:184.20,185.33 1 0
github.com/mili/moxie/internal/commands/play.go:186.21,187.32 1 0
github.com/mili/moxie/internal/commands/play.go:187.32,189.4 1 0
github.com/mili/moxie/internal/commands/play.go:191.3,191.57 1 0
github.com/mili/moxie/internal/commands/play.go:191.57,193.4 1 0
github.com/mili/moxie/internal/commands/play.go:195.3,195.31 1 0
github.com/mili/moxie/internal/commands/play.go:195.31,197.52 2 0
github.com/mili/moxie/internal/commands/play.go:197.52,199.5 1 0
github.com/mili/moxie/internal/commands/play.go:201.3,202.13 2 0
github.com/mili/moxie/internal/commands/play.go:203.10,205.27 1 0
github.com/mili/moxie/internal/commands/rename.go:17.28,26.16 7 0
github.com/mili/moxie/internal/commands/rename.go:26.16,29.3 2 0
github.com/mili/moxie/internal/commands/rename.go:31.2,39.26 3 0
github.com/mili/moxie/internal/commands/rename.go:39.26,41.56 2 0
github.com/mili/moxie/internal/commands/rename.go:41.56,42.12 1 0
github.com/mili/moxie/internal/commands/rename.go:45.3,49.24 3 0
github.com/mili/moxie/internal/commands/rename.go:49.24,50.46 1 0
github.com/mili/moxie/internal/commands/rename.go:50.46,53.13 2 0
github.com/mili/moxie/internal/commands/rename.go:57.3,62.5 1 0
github.com/mili/moxie/internal/commands/rename.go:65.2,65.21 1 0
github.com/mili/moxie/internal/commands/rename.go:65.21,68.3 2 0
github.com/mili/moxie/internal/commands/rename.go:71.2,72.26 2 0
github.com/mili/moxie/internal/commands/rename.go:72.26,76.3 1 0
github.com/mili/moxie/internal/commands/rename.go:78.2,78.13 1 0
github.com/mili/moxie/internal/commands/rename.go:78.13,81.3 2 0
github.com/mili/moxie/internal/commands/rename.go:83.2,86.36 4 0
github.com/mili/moxie/internal/commands/rename.go:86.36,89.3 2 0
github.com/mili/moxie/internal/commands/rename.go:91.2,92.26 2 0
github.com/mili/moxie/internal/commands/rename.go:92.26,93.57 1 0
github.com/mili/moxie/internal/commands/rename.go:93.57,95.12 2 0
github.com/mili/moxie/internal/commands/rename.go:98.3,99.54 2 0
github.com/mili/moxie/internal/commands/rename.go:99.54,102.4 1 0
github.com/mili/moxie/internal/commands/rename.go:103.3,104.12 2 0
github.com/mili/moxie/internal/commands/rename.go:106.2,106.64 1 0
github.com/mili/moxie/internal/commands/rename.go:112.39,116.20 2 0
github.com/mili/moxie/internal/commands/rename.go:116.20,118.3 1 0
github.com/mili/moxie/internal/commands/rename.go:121.2,122.14 2 0
github.com/mili/moxie/internal/commands/rename.go:127.45,140.89 3 1
github.com/mili/moxie/internal/commands/rename.go:140.89,142.3 1 1
github.com/mili/moxie/internal/commands/rename.go:144.2,145.18 2 1
github.com/mili/moxie/internal/commands/rename.go:145.18,147.3 1 1
github.com/mili/moxie/internal/commands/rename.go:148.2,148.15 1 1
github.com/mili/moxie/internal/commands/rename.go:152.41,172.20 8 0
github.com/mili/moxie/internal/commands/rename.go:172.20,174.3 1 0
github.com/mili/moxie/internal/commands/rename.go:177.2,177.31 1 0
github.com/mili/moxie/internal/commands/rename.go:177.31,186.21 3 0
github.com/mili/moxie/internal/commands/rename.go:186.21,188.4 1 0
github.com/mili/moxie/internal/commands/rename.go:191.2,191.16 1 0
github.com/mili/moxie/internal/commands/rename.go:191.16,193.3 1 0
github.com/mili/moxie/internal/commands/rename.go:194.2,194.13 1 0
github.com/mili/moxie/internal/commands/scrape.go:17.28,29.15 9 0
github.com/mili/moxie/internal/commands/scrape.go:29.15,32.3 2 0
github.com/mili/moxie/internal/commands/scrape.go:34.2,34.19 1 0
github.com/mili/moxie/internal/commands/scrape.go:34.19,38.3 3 0
github.com/mili/moxie/internal/commands/scrape.go:39.2,41.18 2 0
github.com/mili/moxie/internal/commands/scrape.go:41.18,44.3 2 0
github.com/mili/moxie/internal/commands/scrape.go:46.2,50.31 4 0
github.com/mili/moxie/internal/commands/scrape.go:50.31,53.3 2 0
github.com/mili/moxie/internal/commands/scrape.go:55.2,56.15 2 0
github.com/mili/moxie/internal/commands/scrape.go:56.15,58.3 1 0
github.com/mili/moxie/internal/commands/scrape.go:59.2,59.15 1 0
github.com/mili/moxie/internal/commands/scrape.go:59.15,62.3 2 0
github.com/mili/moxie/internal/commands/scrape.go:64.2,68.16 4 0
github.com/mili/moxie/internal/commands/scrape.go:68.16,69.26 1 0
github.com/mili/moxie/internal/commands/scrape.go:69.26,73.4 3 0
github.com/mili/moxie/internal/commands/scrape.go:74.3,75.13 2 0
github.com/mili/moxie/internal/commands/scrape.go:79.2,81.50 2 0
github.com/mili/moxie/internal/commands/scrape.go:81.50,84.3 2 0
github.com/mili/moxie/internal/commands/scrape.go:87.2,87.72 1 0
github.com/mili/moxie/internal/commands/scrape.go:87.72,94.58 2 0
github.com/mili/moxie/internal/commands/scrape.go:94.58,96.4 1 0
github.com/mili/moxie/internal/commands/scrape.go:99.2,100.24 2 0
github.com/mili/moxie/internal/commands/scrape.go:100.24,102.3 1 0
github.com/mili/moxie/internal/commands/scrape.go:103.2,104.26 2 0
github.com/mili/moxie/internal/commands/scrape.go:104.26,106.3 1 0
github.com/mili/moxie/internal/commands/scrape.go:107.2,107.24 1 0
github.com/mili/moxie/internal/commands/scrape.go:107.24,109.3 1 0
github.com/mili/moxie/internal/commands/scrape.go:110.2,110.33 1 0
github.com/mili/moxie/internal/commands/scrape.go:110.33,112.41 2 0
github.com/mili/moxie/internal/commands/scrape.go:112.41,114.4 1 0
github.com/mili/moxie/internal/commands/scrape.go:121.33,127.19 5 0
github.com/mili/moxie/internal/commands/scrape.go:127.19,131.3 3 0
github.com/mili/moxie/internal/commands/scrape.go:133.2,134.18 2 0
github.com/mili/moxie/internal/commands/scrape.go:134.18,137.3 2 0
github.com/mili/moxie/internal/commands/scrape.go:139.2,140.16 2 0
github.com/mili/moxie/internal/commands/scrape.go:140.16,143.3 2 0
github.com/mili/moxie/internal/commands/scrape.go:145.2,150.57 3 0
github.com/mili/moxie/internal/commands/scrape.go:150.57,152.49 2 0
github.com/mili/moxie/internal/commands/scrape.go:152.49,153.12 1 0
github.com/mili/moxie/internal/commands/scrape.go:155.3,156.21 2 0
github.com/mili/moxie/internal/commands/scrape.go:156.21,158.12 2 0
github.com/mili/moxie/internal/commands/scrape.go:160.3,161.17 2 0
github.com/mili/moxie/internal/commands/scrape.go:161.17,163.12 2 0
github.com/mili/moxie/internal/commands/scrape.go:165.3,165.58 1 0
github.com/mili/moxie/internal/commands/scrape.go:168.2,168.23 1 0
github.com/mili/moxie/internal/commands/scrape.go:168.23,171.3 2 0
github.com/mili/moxie/internal/commands/scrape.go:173.2,179.28 5 0
github.com/mili/moxie/internal/commands/scrape.go:179.28,183.32 3 0
github.com/mili/moxie/internal/commands/scrape.go:183.32,186.12 3 0
github.com/mili/moxie/internal/commands/scrape.go:189.3,190.17 2 0
github.com/mili/moxie/internal/commands/scrape.go:190.17,191.27 1 0
github.com/mili/moxie/internal/commands/scrape.go:191.27,194.5 2 0
github.com/mili/moxie/internal/commands/scrape.go:195.4,197.12 3 0
github.com/mili/moxie/internal/commands/scrape.go:200.3,201.51 2 0
github.com/mili/moxie/internal/commands/scrape.go:201.51,204.12 3 0
github.com/mili/moxie/internal/commands/scrape.go:207.3,207.67 1 0
github.com/mili/moxie/internal/commands/scrape.go:207.67,214.59 2 0
github.com/mili/moxie/internal/commands/scrape.go:214.59,216.5 1 0
github.com/mili/moxie/internal/commands/scrape.go:219.3,220.23 2 0
github.com/mili/moxie/internal/commands/scrape.go:220.23,222.4 1 0
github.com/mili/moxie/internal/commands/scrape.go:223.3,224.7 2 0
github.com/mili/moxie/internal/commands/scrape.go:227.2,227.72 1 0
github.com/mili/moxie/internal/commands/scrape.go:232.50,233.20 1 1
github.com/mili/moxie/internal/commands/scrape.go:233.20,235.3 1 1
github.com/mili/moxie/internal/commands/scrape.go:236.2,236.16 1 1
github.com/mili/moxie/internal/commands/scrape.go:236.16,237.58 1 1
github.com/mili/moxie/internal/commands/scrape.go:237.58,239.18 2 0
github.com/mili/moxie/internal/commands/scrape.go:239.18,242.5 2 0
github.com/mili/moxie/internal/commands/scrape.go:243.4,243.17 1 0
github.com/mili/moxie/internal/commands/scrape.go:245.3,246.17 2 1
github.com/mili/moxie/internal/commands/scrape.go:246.17,248.4 1 1
github.com/mili/moxie/internal/commands/scrape.go:249.3,249.41 1 1
github.com/mili/moxie/internal/commands/scrape.go:251.2,252.16 2 0
github.com/mili/moxie/internal/commands/scrape.go:252.16,255.3 2 0
github.com/mili/moxie/internal/commands/scrape.go:256.2,257.15 2 0
github.com/mili/moxie/internal/commands/scrape.go:262.75,263.22 1 1
github.com/mili/moxie/internal/commands/scrape.go:263.22,267.65 1 1
github.com/mili/moxie/internal/commands/scrape.go:267.65,268.80 1 1
github.com/mili/moxie/internal/commands/scrape.go:268.80,270.5 1 1
github.com/mili/moxie/internal/commands/scrape.go:272.3,272.45 1 1
github.com/mili/moxie/internal/commands/scrape.go:274.2,274.24 1 1
github.com/mili/moxie/internal/commands/scrape.go:274.24,279.3 1 1
github.com/mili/moxie/internal/commands/scrape.go:280.2,280.23 1 1
github.com/mili/moxie/internal/commands/scrape.go:280.23,282.3 1 1
github.com/mili/moxie/internal/commands/scrape.go:283.2,284.24 2 1
github.com/mili/moxie/internal/commands/scrape.go:284.24,286.3 1 1
github.com/mili/moxie/internal/commands/scrape.go:287.2,287.23 1 1
github.com/mili/moxie/internal/commands/scrape.go:287.23,289.3 1 1
github.com/mili/moxie/internal/commands/scrape.go:294.52,298.2 3 0
github.com/mili/moxie/internal/commands/steam.go:18.27,19.19 1 0
github.com/mili/moxie/internal/commands/steam.go:19.19,22.3 2 0
github.com/mili/moxie/internal/commands/steam.go:23.2,23.17 1 0
github.com/mili/moxie/internal/commands/steam.go:24.13,25.21 1 0
github.com/mili/moxie/internal/commands/steam.go:26.16,27.24 1 0
github.com/mili/moxie/internal/commands/steam.go:28.14,29.22 1 0
github.com/mili/moxie/internal/commands/steam.go:30.21,31.28 1 0
github.com/mili/moxie/internal/commands/steam.go:32.20,33.27 1 0
github.com/mili/moxie/internal/commands/steam.go:34.21,35.28 1 0
github.com/mili/moxie/internal/commands/steam.go:36.10,38.13 2 0
github.com/mili/moxie/internal/commands/steam.go:42.54,44.16 2 0
github.com/mili/moxie/internal/commands/steam.go:44.16,46.3 1 0
github.com/mili/moxie/internal/commands/steam.go:47.2,47.21 1 0
github.com/mili/moxie/internal/commands/steam.go:47.21,49.3 1 0
github.com/mili/moxie/internal/commands/steam.go:50.2,50.22 1 0
github.com/mili/moxie/internal/commands/steam.go:54.30,64.19 9 0
github.com/mili/moxie/internal/commands/steam.go:64.19,67.3 2 0
github.com/mili/moxie/internal/commands/steam.go:68.2,72.16 3 0
github.com/mili/moxie/internal/commands/steam.go:72.16,75.3 2 0
github.com/mili/moxie/internal/commands/steam.go:76.2,79.16 3 0
github.com/mili/moxie/internal/commands/steam.go:79.16,82.3 2 0
github.com/mili/moxie/internal/commands/steam.go:83.2,83.13 1 0
github.com/mili/moxie/internal/commands/steam.go:83.13,91.17 6 0
github.com/mili/moxie/internal/commands/steam.go:91.17,94.4 2 0
github.com/mili/moxie/internal/commands/steam.go:95.3,95.14 1 0
github.com/mili/moxie/internal/commands/steam.go:95.14,99.4 3 0
github.com/mili/moxie/internal/commands/steam.go:100.3,100.51 1 0
github.com/mili/moxie/internal/commands/steam.go:104.2,108.31 4 0
github.com/mili/moxie/internal/commands/steam.go:108.31,111.3 2 0
github.com/mili/moxie/internal/commands/steam.go:113.2,117.15 3 0
github.com/mili/moxie/internal/commands/steam.go:117.15,120.3 2 0
github.com/mili/moxie/internal/commands/steam.go:123.2,124.24 2 0
github.com/mili/moxie/internal/commands/steam.go:124.24,126.3 1 0
github.com/mili/moxie/internal/commands/steam.go:129.2,130.15 2 0
github.com/mili/moxie/internal/commands/steam.go:130.15,132.17 2 0
github.com/mili/moxie/internal/commands/steam.go:132.17,135.4 2 0
github.com/mili/moxie/internal/commands/steam.go:136.8,138.17 2 0
github.com/mili/moxie/internal/commands/steam.go:138.17,141.4 2 0
github.com/mili/moxie/internal/commands/steam.go:143.3,143.22 1 0
github.com/mili/moxie/internal/commands/steam.go:143.22,146.4 2 0
github.com/mili/moxie/internal/commands/steam.go:147.3,147.22 1 0
github.com/mili/moxie/internal/commands/steam.go:151.2,151.30 1 0
github.com/mili/moxie/internal/commands/steam.go:151.30,153.17 2 0
github.com/mili/moxie/internal/commands/steam.go:153.17,155.12 2 0
github.com/mili/moxie/internal/commands/steam.go:158.3,159.17 2 0
github.com/mili/moxie/internal/commands/steam.go:159.17,161.12 2 0
github.com/mili/moxie/internal/commands/steam.go:164.3,165.52 2 0
github.com/mili/moxie/internal/commands/steam.go:165.52,167.4 1 0
github.com/mili/moxie/internal/commands/steam.go:168.3,168.22 1 0
github.com/mili/moxie/internal/commands/steam.go:168.22,169.52 1 0
github.com/mili/moxie/internal/commands/steam.go:169.52,171.34 2 0
github.com/mili/moxie/internal/commands/steam.go:171.34,173.6 1 0
github.com/mili/moxie/internal/commands/steam.go:177.3,187.58 2 0
github.com/mili/moxie/internal/commands/steam.go:187.58,188.33 1 0
github.com/mili/moxie/internal/commands/steam.go:188.33,190.13 2 0
github.com/mili/moxie/internal/commands/steam.go:192.4,193.12 2 0
github.com/mili/moxie/internal/commands/steam.go:197.3,197.18 1 0
github.com/mili/moxie/internal/commands/steam.go:197.18,202.24 3 0
github.com/mili/moxie/internal/commands/steam.go:202.24,204.5 1 0
github.com/mili/moxie/internal/commands/steam.go:207.4,207.54 1 0
github.com/mili/moxie/internal/commands/steam.go:207.54,209.91 2 0
github.com/mili/moxie/internal/commands/steam.go:209.91,210.52 1 0
github.com/mili/moxie/internal/commands/steam.go:210.52,212.7 1 0
github.com/mili/moxie/internal/commands/steam.go:212.12,214.7 1 0
github.com/mili/moxie/internal/commands/steam.go:220.3,220.46 1 0
github.com/mili/moxie/internal/commands/steam.go:220.46,222.21 2 0
github.com/mili/moxie/internal/commands/steam.go:222.21,224.86 2 0
github.com/mili/moxie/internal/commands/steam.go:224.86,226.6 1 0
github.com/mili/moxie/internal/commands/steam.go:231.3,231.77 1 0
github.com/mili/moxie/internal/commands/steam.go:231.77,233.12 2 0
github.com/mili/moxie/internal/commands/steam.go:236.3,238.113 2 0
github.com/mili/moxie/internal/commands/steam.go:241.2,241.82 1 0
github.com/mili/moxie/internal/commands/steam.go:245.33,251.19 5 0
github.com/mili/moxie/internal/commands/steam.go:251.19,254.3 2 0
github.com/mili/moxie/internal/commands/steam.go:255.2,261.31 5 0
github.com/mili/moxie/internal/commands/steam.go:261.31,264.3 2 0
github.com/mili/moxie/internal/commands/steam.go:266.2,267.15 2 0
github.com/mili/moxie/internal/commands/steam.go:267.15,270.3 2 0
github.com/mili/moxie/internal/commands/steam.go:272.2,273.21 2 0
github.com/mili/moxie/internal/commands/steam.go:273.21,275.3 1 0
github.com/mili/moxie/internal/commands/steam.go:276.2,279.16 3 0
github.com/mili/moxie/internal/commands/steam.go:279.16,282.3 2 0
github.com/mili/moxie/internal/commands/steam.go:284.2,285.20 2 0
github.com/mili/moxie/internal/commands/steam.go:285.20,287.3 1 0
github.com/mili/moxie/internal/commands/steam.go:287.8,289.17 2 0
github.com/mili/moxie/internal/commands/steam.go:289.17,292.4 2 0
github.com/mili/moxie/internal/commands/steam.go:295.2,296.16 2 0
github.com/mili/moxie/internal/commands/steam.go:296.16,299.3 2 0
github.com/mili/moxie/internal/commands/steam.go:301.2,302.16 2 0
github.com/mili/moxie/internal/commands/steam.go:302.16,305.3 2 0
github.com/mili/moxie/internal/commands/steam.go:307.2,309.76 2 0
github.com/mili/moxie/internal/commands/steam.go:309.76,312.3 2 0
github.com/mili/moxie/internal/commands/steam.go:314.2,314.61 1 0
github.com/mili/moxie/internal/commands/steam.go:318.31,324.16 5 0
github.com/mili/moxie/internal/commands/steam.go:324.16,327.3 2 0
github.com/mili/moxie/internal/commands/steam.go:329.2,330.20 2 0
github.com/mili/moxie/internal/commands/steam.go:330.20,332.3 1 0
github.com/mili/moxie/internal/commands/steam.go:332.8,334.17 2 0
github.com/mili/moxie/internal/commands/steam.go:334.17,337.4 2 0
github.com/mili/moxie/internal/commands/steam.go:340.2,341.16 2 0
github.com/mili/moxie/internal/commands/steam.go:341.16,344.3 2 0
github.com/mili/moxie/internal/commands/steam.go:346.2,347.16 2 0
github.com/mili/moxie/internal/commands/steam.go:347.16,350.3 2 0
github.com/mili/moxie/internal/commands/steam.go:353.2,354.30 2 0
github.com/mili/moxie/internal/commands/steam.go:354.30,355.28 1 0
github.com/mili/moxie/internal/commands/steam.go:355.28,356.22 1 0
github.com/mili/moxie/internal/commands/steam.go:356.22,358.10 2 0
github.com/mili/moxie/internal/commands/steam.go:363.2,363.26 1 0
github.com/mili/moxie/internal/commands/steam.go:363.26,366.3 2 0
github.com/mili/moxie/internal/commands/steam.go:368.2,371.31 4 0
github.com/mili/moxie/internal/commands/steam.go:371.31,377.28 4 0
github.com/mili/moxie/internal/commands/steam.go:377.28,378.22 1 0
github.com/mili/moxie/internal/commands/steam.go:378.22,380.10 2 0
github.com/mili/moxie/internal/commands/steam.go:384.3,385.22 2 0
github.com/mili/moxie/internal/commands/steam.go:385.22,387.4 1 0
github.com/mili/moxie/internal/commands/steam.go:389.3,389.75 1 0
github.com/mili/moxie/internal/commands/steam.go:391.2,391.71 1 0
github.com/mili/moxie/internal/commands/steam.go:395.37,397.16 2 0
github.com/mili/moxie/internal/commands/steam.go:397.16,400.3 2 0
github.com/mili/moxie/internal/commands/steam.go:402.2,403.16 2 0
github.com/mili/moxie/internal/commands/steam.go:403.16,406.3 2 0
github.com/mili/moxie/internal/commands/steam.go:408.2,409.29 2 0
github.com/mili/moxie/internal/commands/steam.go:409.29,410.33 1 0
github.com/mili/moxie/internal/commands/steam.go:410.33,412.4 1 0
github.com/mili/moxie/internal/commands/steam.go:412.9,414.4 1 0
github.com/mili/moxie/internal/commands/steam.go:419.36,426.24 6 0
github.com/mili/moxie/internal/commands/steam.go:426.24,429.3 2 0
github.com/mili/moxie/internal/commands/steam.go:430.2,430.19 1 0
github.com/mili/moxie/internal/commands/steam.go:430.19,433.3 2 0
github.com/mili/moxie/internal/commands/steam.go:434.2,440.31 5 0
github.com/mili/moxie/internal/commands/steam.go:440.31,443.3 2 0
github.com/mili/moxie/internal/commands/steam.go:445.2,446.15 2 0
github.com/mili/moxie/internal/commands/steam.go:446.15,449.3 2 0
github.com/mili/moxie/internal/commands/steam.go:451.2,452.21 2 0
github.com/mili/moxie/internal/commands/steam.go:452.21,454.3 1 0
github.com/mili/moxie/internal/commands/steam.go:455.2,458.16 3 0
github.com/mili/moxie/internal/commands/steam.go:458.16,461.3 2 0
github.com/mili/moxie/internal/commands/steam.go:463.2,464.20 2 0
github.com/mili/moxie/internal/commands/steam.go:464.20,466.3 1 0
github.com/mili/moxie/internal/commands/steam.go:466.8,468.17 2 0
github.com/mili/moxie/internal/commands/steam.go:468.17,471.4 2 0
github.com/mili/moxie/internal/commands/steam.go:475.2,475.67 1 0
github.com/mili/moxie/internal/commands/steam.go:475.67,478.3 2 0
github.com/mili/moxie/internal/commands/steam.go:480.2,480.79 1 0
github.com/mili/moxie/internal/commands/steam.go:480.79,483.3 2 0
github.com/mili/moxie/internal/commands/steam.go:485.2,485.69 1 0
github.com/mili/moxie/internal/commands/steam.go:489.37,496.19 6 0
github.com/mili/moxie/internal/commands/steam.go:496.19,499.3 2 0
github.com/mili/moxie/internal/commands/steam.go:500.2,506.31 5 0
github.com/mili/moxie/internal/commands/steam.go:506.31,509.3 2 0
github.com/mili/moxie/internal/commands/steam.go:511.2,513.21 3 0
github.com/mili/moxie/internal/commands/steam.go:513.21,515.3 1 0
github.com/mili/moxie/internal/commands/steam.go:516.2,517.15 2 0
github.com/mili/moxie/internal/commands/steam.go:517.15,520.3 2 0
github.com/mili/moxie/internal/commands/steam.go:521.2,524.16 3 0
github.com/mili/moxie/internal/commands/steam.go:524.16,527.3 2 0
github.com/mili/moxie/internal/commands/steam.go:529.2,530.20 2 0
github.com/mili/moxie/internal/commands/steam.go:530.20,532.3 1 0
github.com/mili/moxie/internal/commands/steam.go:532.8,534.17 2 0
github.com/mili/moxie/internal/commands/steam.go:534.17,537.4 2 0
github.com/mili/moxie/internal/commands/steam.go:540.2,545.18 3 0
github.com/mili/moxie/internal/commands/steam.go:545.18,547.3 1 0
github.com/mili/moxie/internal/commands/steam.go:550.2,550.52 1 0
github.com/mili/moxie/internal/commands/steam.go:550.52,551.83 1 0
github.com/mili/moxie/internal/commands/steam.go:551.83,553.4 1 0
github.com/mili/moxie/internal/commands/steam.go:553.9,553.57 1 0
github.com/mili/moxie/internal/commands/steam.go:553.57,556.4 1 0
github.com/mili/moxie/internal/commands/steam.go:559.2,559.13 1 0
github.com/mili/moxie/internal/commands/steam.go:559.13,561.3 1 0
github.com/mili/moxie/internal/commands/steam.go:561.8,564.3 2 0
github.com/mili/moxie/internal/commands/steam.go:568.44,569.19 1 0
github.com/mili/moxie/internal/commands/steam.go:569.19,571.3 1 0
github.com/mili/moxie/internal/commands/steam.go:572.2,572.52 1 0
github.com/mili/moxie/internal/commands/steam.go:572.52,574.3 1 0
github.com/mili/moxie/internal/commands/steam.go:576.2,576.47 1 0
github.com/mili/moxie/internal/commands/steam.go:576.47,577.57 1 0
github.com/mili/moxie/internal/commands/steam.go:577.57,579.4 1 0
github.com/mili/moxie/internal/commands/steam.go:582.2,582.94 1 0
github.com/mili/moxie/internal/commands/steam.go:582.94,584.3 1 0
github.com/mili/moxie/internal/commands/steam.go:585.2,585.11 1 0
github.com/mili/moxie/internal/commands/steam.go:590.53,593.22 3 0
github.com/mili/moxie/internal/commands/steam.go:593.22,595.3 1 0
github.com/mili/moxie/internal/commands/steam.go:596.2,597.23 2 0
github.com/mili/moxie/internal/commands/steam.go:601.112,604.16 2 0
github.com/mili/moxie/internal/commands/steam.go:604.16,607.3 2 0
github.com/mili/moxie/internal/commands/steam.go:608.2,608.47 1 0
github.com/mili/moxie/internal/commands/steam.go:608.47,610.55 2 0
github.com/mili/moxie/internal/commands/steam.go:610.55,612.4 1 0
github.com/mili/moxie/internal/commands/steam.go:612.9,614.4 1 0
github.com/mili/moxie/internal/commands/steam.go:618.2,619.48 2 0
github.com/mili/moxie/internal/commands/steam.go:619.48,622.3 2 0
github.com/mili/moxie/internal/commands/steam.go:625.2,626.48 2 0
github.com/mili/moxie/internal/commands/steam.go:626.48,629.3 2 0
github.com/mili/moxie/internal/commands/steam.go:631.2,631.13 1 0
github.com/mili/moxie/internal/commands/steam.go:635.48,639.2 3 0
github.com/mili/moxie/internal/commands/steam.go:642.94,646.16 4 0
github.com/mili/moxie/internal/commands/steam.go:646.16,649.3 2 0
github.com/mili/moxie/internal/commands/steam.go:650.2,650.23 1 0
github.com/mili/moxie/internal/commands/steam.go:650.23,653.3 2 0
github.com/mili/moxie/internal/commands/steam.go:655.2,660.16 4 0
github.com/mili/moxie/internal/commands/steam.go:660.16,663.3 2 0
github.com/mili/moxie/internal/commands/steam.go:664.2,665.9 2 0
github.com/mili/moxie/internal/commands/steam.go:665.9,668.3 2 0
github.com/mili/moxie/internal/commands/steam.go:669.2,670.54 2 0
github.com/mili/moxie/internal/commands/steam.go:670.54,673.3 2 0
github.com/mili/moxie/internal/commands/steam.go:674.2,677.80 2 0
github.com/mili/moxie/internal/commands/steam.go:677.80,678.50 1 0
github.com/mili/moxie/internal/commands/steam.go:678.50,680.4 1 0
github.com/mili/moxie/internal/commands/steam.go:682.2,682.70 1 0
github.com/mili/moxie/internal/commands/steam.go:682.70,683.50 1 0
github.com/mili/moxie/internal/commands/steam.go:683.50,685.4 1 0
github.com/mili/moxie/internal/commands/steam.go:688.2,688.13 1 0
github.com/mili/moxie/internal/commands/sync.go:32.119,36.26 3 1
github.com/mili/moxie/internal/commands/sync.go:36.26,37.21 1 1
github.com/mili/moxie/internal/commands/sync.go:37.21,38.12 1 1
github.com/mili/moxie/internal/commands/sync.go:40.3,40.101 1 1
github.com/mili/moxie/internal/commands/sync.go:40.101,42.12 2 1
github.com/mili/moxie/internal/commands/sync.go:44.3,44.33 1 1
github.com/mili/moxie/internal/commands/sync.go:46.2,48.25 2 1
github.com/mili/moxie/internal/commands/sync.go:48.25,51.3 1 1
github.com/mili/moxie/internal/commands/sync.go:53.2,53.21 1 1
github.com/mili/moxie/internal/commands/sync.go:53.21,54.26 1 1
github.com/mili/moxie/internal/commands/sync.go:54.26,56.4 1 1
github.com/mili/moxie/internal/commands/sync.go:56.9,58.4 1 1
github.com/mili/moxie/internal/commands/sync.go:59.3,59.16 1 1
github.com/mili/moxie/internal/commands/sync.go:62.2,71.26 7 1
github.com/mili/moxie/internal/commands/sync.go:71.26,74.22 3 1
github.com/mili/moxie/internal/commands/sync.go:74.22,76.17 2 1
github.com/mili/moxie/internal/commands/sync.go:76.17,76.26 1 1
github.com/mili/moxie/internal/commands/sync.go:78.4,79.18 2 1
github.com/mili/moxie/internal/commands/sync.go:79.18,85.5 5 1
github.com/mili/moxie/internal/commands/sync.go:86.4,88.22 3 0
github.com/mili/moxie/internal/commands/sync.go:88.22,90.5 1 0
github.com/mili/moxie/internal/commands/sync.go:91.4,96.62 4 0
github.com/mili/moxie/internal/commands/sync.go:96.62,99.5 1 0
github.com/mili/moxie/internal/commands/sync.go:101.4,104.50 4 0
github.com/mili/moxie/internal/commands/sync.go:104.50,106.5 1 0
github.com/mili/moxie/internal/commands/sync.go:107.4,109.74 2 0
github.com/mili/moxie/internal/commands/sync.go:109.74,115.20 1 0
github.com/mili/moxie/internal/commands/sync.go:115.20,117.5 1 0
github.com/mili/moxie/internal/commands/sync.go:119.4,120.13 2 0
github.com/mili/moxie/internal/commands/sync.go:120.13,123.5 2 0
github.com/mili/moxie/internal/commands/sync.go:123.10,123.29 1 0
github.com/mili/moxie/internal/commands/sync.go:123.29,126.5 1 0
github.com/mili/moxie/internal/commands/sync.go:126.10,126.27 1 0
github.com/mili/moxie/internal/commands/sync.go:126.27,129.5 1 0
github.com/mili/moxie/internal/commands/sync.go:129.10,131.5 1 0
github.com/mili/moxie/internal/commands/sync.go:132.4,133.15 2 0
github.com/mili/moxie/internal/commands/sync.go:136.2,138.30 2 1
github.com/mili/moxie/internal/commands/sync.go:142.40,145.33 3 1
github.com/mili/moxie/internal/commands/sync.go:145.33,147.3 1 1
github.com/mili/moxie/internal/commands/sync.go:148.2,148.10 1 1
github.com/mili/moxie/internal/commands/sync.go:152.34,162.18 9 0
github.com/mili/moxie/internal/commands/sync.go:162.18,165.3 2 0
github.com/mili/moxie/internal/commands/sync.go:167.2,171.16 4 0
github.com/mili/moxie/internal/commands/sync.go:171.16,174.3 2 0
github.com/mili/moxie/internal/commands/sync.go:176.2,177.29 2 0
github.com/mili/moxie/internal/commands/sync.go:177.29,178.21 1 0
github.com/mili/moxie/internal/commands/sync.go:178.21,180.4 1 0
github.com/mili/moxie/internal/commands/sync.go:182.2,182.25 1 0
github.com/mili/moxie/internal/commands/sync.go:182.25,185.3 2 0
github.com/mili/moxie/internal/commands/sync.go:187.2,188.13 2 0
github.com/mili/moxie/internal/commands/sync.go:188.13,190.3 1 0
github.com/mili/moxie/internal/commands/sync.go:190.8,192.3 1 0
github.com/mili/moxie/internal/commands/sync.go:194.2,196.14 2 0
github.com/mili/moxie/internal/commands/sync.go:196.14,201.3 4 0
github.com/mili/moxie/internal/commands/sync.go:203.2,204.28 2 0
github.com/mili/moxie/internal/commands/sync.go:204.28,205.14 1 0
github.com/mili/moxie/internal/commands/sync.go:205.14,207.4 1 0
github.com/mili/moxie/internal/commands/sync.go:231.137,237.23 2 1
github.com/mili/moxie/internal/commands/sync.go:237.23,238.20 1 1
github.com/mili/moxie/internal/commands/sync.go:238.20,240.4 1 1
github.com/mili/moxie/internal/commands/sync.go:242.3,242.18 1 0
github.com/mili/moxie/internal/commands/sync.go:242.18,244.4 1 0
github.com/mili/moxie/internal/commands/sync.go:245.3,246.18 2 0
github.com/mili/moxie/internal/commands/sync.go:246.18,248.4 1 0
github.com/mili/moxie/internal/commands/sync.go:249.3,250.17 2 0
github.com/mili/moxie/internal/commands/sync.go:250.17,252.4 1 0
github.com/mili/moxie/internal/commands/sync.go:253.3,255.30 2 0
github.com/mili/moxie/internal/commands/sync.go:255.30,257.4 1 0
github.com/mili/moxie/internal/commands/sync.go:260.3,262.35 3 0
github.com/mili/moxie/internal/commands/sync.go:262.35,265.25 3 0
github.com/mili/moxie/internal/commands/sync.go:265.25,269.5 3 0
github.com/mili/moxie/internal/commands/sync.go:270.4,270.19 1 0
github.com/mili/moxie/internal/commands/sync.go:270.19,272.5 1 0
github.com/mili/moxie/internal/commands/sync.go:274.3,277.37 3 0
github.com/mili/moxie/internal/commands/sync.go:277.37,279.4 1 0
github.com/mili/moxie/internal/commands/sync.go:281.3,281.18 1 0
github.com/mili/moxie/internal/commands/sync.go:281.18,283.4 1 0
github.com/mili/moxie/internal/commands/sync.go:284.3,285.17 2 0
github.com/mili/moxie/internal/commands/sync.go:285.17,287.4 1 0
github.com/mili/moxie/internal/commands/sync.go:288.3,292.61 3 0
github.com/mili/moxie/internal/commands/sync.go:292.61,294.19 2 0
github.com/mili/moxie/internal/commands/sync.go:294.19,300.39 5 0
github.com/mili/moxie/internal/commands/sync.go:300.39,303.6 2 0
github.com/mili/moxie/internal/commands/sync.go:307.3,309.51 3 0
github.com/mili/moxie/internal/commands/sync.go:309.51,311.4 1 0
github.com/mili/moxie/internal/commands/sync.go:313.3,313.73 1 0
github.com/mili/moxie/internal/commands/sync.go:313.73,320.59 2 0
github.com/mili/moxie/internal/commands/sync.go:320.59,321.20 1 0
github.com/mili/moxie/internal/commands/sync.go:321.20,323.6 1 0
github.com/mili/moxie/internal/commands/sync.go:324.10,326.5 1 0
github.com/mili/moxie/internal/commands/sync.go:329.3,329.27 1 0
github.com/mili/moxie/internal/commands/sync.go:333.2,333.106 1 1
github.com/mili/moxie/internal/commands/sync.go:333.106,336.3 2 1
github.com/mili/moxie/internal/commands/sync.go:337.2,337.17 1 1
github.com/mili/moxie/internal/commands/sync.go:337.17,339.3 1 0
github.com/mili/moxie/internal/commands/sync.go:341.2,341.23 1 1
github.com/mili/moxie/internal/commands/sync.go:341.23,342.20 1 1
github.com/mili/moxie/internal/commands/sync.go:342.20,344.4 1 1
github.com/mili/moxie/internal/commands/sync.go:346.3,347.17 2 0
github.com/mili/moxie/internal/commands/sync.go:347.17,349.4 1 0
github.com/mili/moxie/internal/commands/sync.go:350.3,354.61 3 0
github.com/mili/moxie/internal/commands/sync.go:354.61,356.4 1 0
github.com/mili/moxie/internal/commands/sync.go:358.3,365.51 7 0
github.com/mili/moxie/internal/commands/sync.go:365.51,366.19 1 0
github.com/mili/moxie/internal/commands/sync.go:366.19,368.5 1 0
github.com/mili/moxie/internal/commands/sync.go:372.3,372.73 1 0
github.com/mili/moxie/internal/commands/sync.go:372.73,378.19 1 0
github.com/mili/moxie/internal/commands/sync.go:378.19,379.20 1 0
github.com/mili/moxie/internal/commands/sync.go:379.20,381.6 1 0
github.com/mili/moxie/internal/commands/sync.go:382.10,384.5 1 0
github.com/mili/moxie/internal/commands/sync.go:387.3,387.59 1 0
github.com/mili/moxie/internal/commands/sync.go:387.59,389.4 1 0
github.com/mili/moxie/internal/commands/sync.go:392.2,392.20 1 0
github.com/mili/moxie/internal/commands/sync.go:397.65,402.31 4 0
github.com/mili/moxie/internal/commands/sync.go:402.31,405.3 2 0
github.com/mili/moxie/internal/commands/sync.go:407.2,408.12 2 0
github.com/mili/moxie/internal/commands/sync.go:408.12,410.3 1 0
github.com/mili/moxie/internal/commands/sync.go:410.8,412.3 1 0
github.com/mili/moxie/internal/commands/sync.go:414.2,417.16 3 0
github.com/mili/moxie/internal/commands/sync.go:417.16,421.40 2 0
github.com/mili/moxie/internal/commands/sync.go:421.40,424.4 2 0
github.com/mili/moxie/internal/commands/sync.go:426.3,426.26 1 0
github.com/mili/moxie/internal/commands/sync.go:426.26,428.4 1 0
github.com/mili/moxie/internal/commands/sync.go:428.9,428.70 1 0
github.com/mili/moxie/internal/commands/sync.go:428.70,430.4 1 0
github.com/mili/moxie/internal/commands/sync.go:430.9,432.4 1 0
github.com/mili/moxie/internal/commands/sync.go:433.3,433.13 1 0
github.com/mili/moxie/internal/commands/sync.go:437.2,437.51 1 0
github.com/mili/moxie/internal/commands/sync.go:437.51,439.38 2 0
github.com/mili/moxie/internal/commands/sync.go:439.38,441.4 1 0
github.com/mili/moxie/internal/commands/sync.go:442.3,442.26 1 0
github.com/mili/moxie/internal/commands/sync.go:446.2,446.28 1 0
github.com/mili/moxie/internal/commands/sync.go:446.28,449.3 2 0
github.com/mili/moxie/internal/commands/sync.go:451.2,451.30 1 0
github.com/mili/moxie/internal/commands/sync.go:451.30,453.3 1 0
github.com/mili/moxie/internal/commands/sync.go:456.2,456.48 1 0
github.com/mili/moxie/internal/commands/sync.go:456.48,459.18 3 0
github.com/mili/moxie/internal/commands/sync.go:459.18,461.4 1 0
github.com/mili/moxie/internal/commands/sync.go:462.3,463.91 1 0
github.com/mili/moxie/internal/commands/sync.go:466.2,466.27 1 0
github.com/mili/moxie/internal/commands/sync.go:466.27,468.3 1 0
github.com/mili/moxie/internal/commands/sync.go:468.8,468.36 1 0
github.com/mili/moxie/internal/commands/sync.go:468.36,470.3 1 0
github.com/mili/moxie/internal/commands/sync.go:470.8,470.36 1 0
github.com/mili/moxie/internal/commands/sync.go:470.36,472.3 1 0
github.com/mili/moxie/internal/commands/sync.go:472.8,474.3 1 0
github.com/mili/moxie/internal/commands/sync.go:477.2,477.39 1 0
github.com/mili/moxie/internal/commands/sync.go:477.39,479.3 1 0
github.com/mili/moxie/internal/commands/sync.go:480.2,480.37 1 0
github.com/mili/moxie/internal/commands/sync.go:480.37,482.3 1 0
github.com/mili/moxie/internal/commands/sync.go:487.26,496.18 8 0
github.com/mili/moxie/internal/commands/sync.go:496.18,499.3 2 0
github.com/mili/moxie/internal/commands/sync.go:502.2,502.20 1 0
github.com/mili/moxie/internal/commands/sync.go:502.20,506.3 3 0
github.com/mili/moxie/internal/commands/sync.go:508.2,519.16 7 0
github.com/mili/moxie/internal/commands/sync.go:519.16,522.3 2 0
github.com/mili/moxie/internal/commands/sync.go:524.2,525.29 2 0
github.com/mili/moxie/internal/commands/sync.go:525.29,526.21 1 0
github.com/mili/moxie/internal/commands/sync.go:526.21,528.4 1 0
github.com/mili/moxie/internal/commands/sync.go:530.2,530.25 1 0
github.com/mili/moxie/internal/commands/sync.go:530.25,533.3 2 0
github.com/mili/moxie/internal/commands/sync.go:535.2,536.13 2 0
github.com/mili/moxie/internal/commands/sync.go:536.13,538.3 1 0
github.com/mili/moxie/internal/commands/sync.go:538.8,540.3 1 0
github.com/mili/moxie/internal/commands/sync.go:542.2,543.74 2 0
github.com/mili/moxie/internal/commands/sync.go:549.83,550.18 1 0
github.com/mili/moxie/internal/commands/sync.go:550.18,554.3 3 0
github.com/mili/moxie/internal/commands/sync.go:556.2,556.12 1 0
github.com/mili/moxie/internal/commands/sync.go:556.12,559.3 2 0
github.com/mili/moxie/internal/commands/sync.go:561.2,562.16 2 0
github.com/mili/moxie/internal/commands/sync.go:562.16,565.3 2 0
github.com/mili/moxie/internal/commands/sync.go:570.2,572.29 3 0
github.com/mili/moxie/internal/commands/sync.go:572.29,573.21 1 0
github.com/mili/moxie/internal/commands/sync.go:573.21,574.102 1 0
github.com/mili/moxie/internal/commands/sync.go:574.102,576.13 2 0
github.com/mili/moxie/internal/commands/sync.go:578.4,578.28 1 0
github.com/mili/moxie/internal/commands/sync.go:581.2,581.21 1 0
github.com/mili/moxie/internal/commands/sync.go:581.21,582.26 1 0
github.com/mili/moxie/internal/commands/sync.go:582.26,584.4 1 0
github.com/mili/moxie/internal/commands/sync.go:584.9,586.4 1 0
github.com/mili/moxie/internal/commands/sync.go:587.3,587.9 1 0
github.com/mili/moxie/internal/commands/sync.go:590.2,591.12 2 0
github.com/mili/moxie/internal/commands/sync.go:591.12,593.3 1 0
github.com/mili/moxie/internal/commands/sync.go:593.8,595.3 1 0
github.com/mili/moxie/internal/commands/sync.go:596.2,604.12 7 0
github.com/mili/moxie/internal/commands/sync.go:604.12,606.3 1 0
github.com/mili/moxie/internal/commands/sync.go:607.2,609.12 3 0
github.com/mili/moxie/internal/commands/sync.go:609.12,611.3 1 0
github.com/mili/moxie/internal/commands/sync.go:611.8,613.3 1 0
github.com/mili/moxie/internal/commands/sync.go:614.2,620.29 5 0
github.com/mili/moxie/internal/commands/sync.go:620.29,625.18 3 0
github.com/mili/moxie/internal/commands/sync.go:625.18,627.4 1 0
github.com/mili/moxie/internal/commands/sync.go:628.3,628.23 1 0
github.com/mili/moxie/internal/commands/sync.go:628.23,632.12 3 0
github.com/mili/moxie/internal/commands/sync.go:635.3,637.26 2 0
github.com/mili/moxie/internal/commands/sync.go:637.26,639.4 1 0
github.com/mili/moxie/internal/commands/sync.go:640.3,644.43 3 0
github.com/mili/moxie/internal/commands/sync.go:644.43,646.4 1 0
github.com/mili/moxie/internal/commands/sync.go:646.9,649.15 3 0
github.com/mili/moxie/internal/commands/sync.go:649.15,652.19 3 0
github.com/mili/moxie/internal/commands/sync.go:652.19,653.29 1 0
github.com/mili/moxie/internal/commands/sync.go:653.29,657.12 4 0
github.com/mili/moxie/internal/commands/sync.go:659.6,662.14 4 0
github.com/mili/moxie/internal/commands/sync.go:664.5,664.33 1 0
github.com/mili/moxie/internal/commands/sync.go:668.3,668.24 1 0
github.com/mili/moxie/internal/commands/sync.go:668.24,672.53 4 0
github.com/mili/moxie/internal/commands/sync.go:672.53,674.5 1 0
github.com/mili/moxie/internal/commands/sync.go:675.4,676.12 2 0
github.com/mili/moxie/internal/commands/sync.go:682.3,684.29 3 0
github.com/mili/moxie/internal/commands/sync.go:684.29,688.39 4 0
github.com/mili/moxie/internal/commands/sync.go:688.39,692.5 3 0
github.com/mili/moxie/internal/commands/sync.go:693.4,694.17 2 0
github.com/mili/moxie/internal/commands/sync.go:694.17,696.5 1 0
github.com/mili/moxie/internal/commands/sync.go:697.4,698.43 1 0
github.com/mili/moxie/internal/commands/sync.go:701.3,701.37 1 0
github.com/mili/moxie/internal/commands/sync.go:701.37,705.53 4 0
github.com/mili/moxie/internal/commands/sync.go:705.53,707.5 1 0
github.com/mili/moxie/internal/commands/sync.go:708.4,709.12 2 0
github.com/mili/moxie/internal/commands/sync.go:713.3,715.17 3 0
github.com/mili/moxie/internal/commands/sync.go:715.17,716.27 1 0
github.com/mili/moxie/internal/commands/sync.go:716.27,719.10 3 0
github.com/mili/moxie/internal/commands/sync.go:721.4,724.12 4 0
github.com/mili/moxie/internal/commands/sync.go:730.3,731.61 2 0
github.com/mili/moxie/internal/commands/sync.go:731.61,736.12 4 0
github.com/mili/moxie/internal/commands/sync.go:739.3,742.52 3 0
github.com/mili/moxie/internal/commands/sync.go:742.52,746.12 4 0
github.com/mili/moxie/internal/commands/sync.go:750.3,753.25 3 0
github.com/mili/moxie/internal/commands/sync.go:753.25,755.4 1 0
github.com/mili/moxie/internal/commands/sync.go:756.3,756.27 1 0
github.com/mili/moxie/internal/commands/sync.go:756.27,758.4 1 0
github.com/mili/moxie/internal/commands/sync.go:759.3,762.73 2 0
github.com/mili/moxie/internal/commands/sync.go:762.73,769.59 2 0
github.com/mili/moxie/internal/commands/sync.go:769.59,771.5 1 0
github.com/mili/moxie/internal/commands/sync.go:774.3,776.26 3 0
github.com/mili/moxie/internal/commands/sync.go:779.2,779.17 1 0
github.com/mili/moxie/internal/commands/sync.go:779.17,781.3 1 0
github.com/mili/moxie/internal/commands/sync.go:782.2,784.59 2 0
github.com/mili/moxie/internal/db/db.go:24.43,26.16 2 1
github.com/mili/moxie/internal/db/db.go:26.16,28.3 1 0
github.com/mili/moxie/internal/db/db.go:31.2,31.66 1 1
github.com/mili/moxie/internal/db/db.go:31.66,34.3 2 0
github.com/mili/moxie/internal/db/db.go:35.2,35.65 1 1
github.com/mili/moxie/internal/db/db.go:35.65,38.3 2 0
github.com/mili/moxie/internal/db/db.go:41.2,41.38 1 1
github.com/mili/moxie/internal/db/db.go:41.38,44.3 2 0
github.com/mili/moxie/internal/db/db.go:46.2,46.35 1 1
github.com/mili/moxie/internal/db/db.go:50.35,52.2 1 1
github.com/mili/moxie/internal/db/db.go:58.34,91.16 2 1
github.com/mili/moxie/internal/db/db.go:91.16,93.3 1 0
github.com/mili/moxie/internal/db/db.go:97.2,100.12 3 1
github.com/mili/moxie/internal/db/db.go:107.41,120.16 6 1
github.com/mili/moxie/internal/db/db.go:120.16,122.3 1 1
github.com/mili/moxie/internal/db/db.go:124.2,124.19 1 1
github.com/mili/moxie/internal/db/db.go:124.19,126.3 1 1
github.com/mili/moxie/internal/db/db.go:127.2,127.19 1 1
github.com/mili/moxie/internal/db/db.go:127.19,129.3 1 1
github.com/mili/moxie/internal/db/db.go:130.2,130.18 1 1
github.com/mili/moxie/internal/db/db.go:130.18,132.3 1 1
github.com/mili/moxie/internal/db/db.go:133.2,133.23 1 1
github.com/mili/moxie/internal/db/db.go:133.23,135.3 1 1
github.com/mili/moxie/internal/db/db.go:137.2,139.24 2 1
github.com/mili/moxie/internal/db/db.go:139.24,141.3 1 1
github.com/mili/moxie/internal/db/db.go:142.2,142.24 1 1
github.com/mili/moxie/internal/db/db.go:142.24,144.3 1 1
github.com/mili/moxie/internal/db/db.go:145.2,145.21 1 1
github.com/mili/moxie/internal/db/db.go:145.21,147.3 1 0
github.com/mili/moxie/internal/db/db.go:148.2,148.24 1 1
github.com/mili/moxie/internal/db/db.go:148.24,150.3 1 0
github.com/mili/moxie/internal/db/db.go:152.2,152.16 1 1
github.com/mili/moxie/internal/db/db.go:156.55,161.16 4 1
github.com/mili/moxie/internal/db/db.go:161.16,163.3 1 1
github.com/mili/moxie/internal/db/db.go:165.2,165.21 1 1
github.com/mili/moxie/internal/db/db.go:165.21,167.3 1 1
github.com/mili/moxie/internal/db/db.go:168.2,168.20 1 1
github.com/mili/moxie/internal/db/db.go:168.20,170.3 1 1
github.com/mili/moxie/internal/db/db.go:171.2,171.20 1 1
github.com/mili/moxie/internal/db/db.go:171.20,173.3 1 1
github.com/mili/moxie/internal/db/db.go:174.2,174.26 1 1
github.com/mili/moxie/internal/db/db.go:174.26,176.3 1 1
github.com/mili/moxie/internal/db/db.go:178.2,178.16 1 1
github.com/mili/moxie/internal/db/db.go:185.35,186.13 1 1
github.com/mili/moxie/internal/db/db.go:186.13,188.3 1 1
github.com/mili/moxie/internal/db/db.go:189.2,189.10 1 1
github.com/mili/moxie/internal/db/db.go:192.33,193.12 1 1
github.com/mili/moxie/internal/db/db.go:193.12,195.3 1 1
github.com/mili/moxie/internal/db/db.go:196.2,196.10 1 1
github.com/mili/moxie/internal/db/db.go:199.36,200.16 1 1
github.com/mili/moxie/internal/db/db.go:200.16,202.3 1 1
github.com/mili/moxie/internal/db/db.go:203.2,203.37 1 0
github.com/mili/moxie/internal/db/db.go:211.29,212.20 1 1
github.com/mili/moxie/internal/db/db.go:212.20,214.3 1 1
github.com/mili/moxie/internal/db/db.go:219.56,220.14 1 1
github.com/mili/moxie/internal/db/db.go:220.14,222.3 1 0
github.com/mili/moxie/internal/db/db.go:224.2,231.16 6 1
github.com/mili/moxie/internal/db/db.go:231.16,233.3 1 0
github.com/mili/moxie/internal/db/db.go:235.2,246.16 2 1
github.com/mili/moxie/internal/db/db.go:246.16,248.3 1 1
github.com/mili/moxie/internal/db/db.go:250.2,251.18 2 1
github.com/mili/moxie/internal/db/db.go:256.54,264.26 3 1
github.com/mili/moxie/internal/db/db.go:264.26,266.3 1 1
github.com/mili/moxie/internal/db/db.go:267.2,267.16 1 1
github.com/mili/moxie/internal/db/db.go:267.16,269.3 1 0
github.com/mili/moxie/internal/db/db.go:270.2,270.15 1 1
github.com/mili/moxie/internal/db/db.go:275.63,283.26 3 1
github.com/mili/moxie/internal/db/db.go:283.26,285.3 1 1
github.com/mili/moxie/internal/db/db.go:286.2,286.16 1 1
github.com/mili/moxie/internal/db/db.go:286.16,288.3 1 0
github.com/mili/moxie/internal/db/db.go:289.2,289.15 1 1
github.com/mili/moxie/internal/db/db.go:294.70,304.18 4 1
github.com/mili/moxie/internal/db/db.go:304.18,307.3 2 1
github.com/mili/moxie/internal/db/db.go:308.2,308.18 1 1
github.com/mili/moxie/internal/db/db.go:308.18,311.3 2 1
github.com/mili/moxie/internal/db/db.go:313.2,313.25 1 1
github.com/mili/moxie/internal/db/db.go:313.25,315.3 1 1
github.com/mili/moxie/internal/db/db.go:317.2,320.16 3 1
github.com/mili/moxie/internal/db/db.go:320.16,322.3 1 0
github.com/mili/moxie/internal/db/db.go:323.2,326.18 3 1
github.com/mili/moxie/internal/db/db.go:326.18,328.17 2 1
github.com/mili/moxie/internal/db/db.go:328.17,330.4 1 0
github.com/mili/moxie/internal/db/db.go:331.3,331.28 1 1
github.com/mili/moxie/internal/db/db.go:333.2,333.26 1 1
github.com/mili/moxie/internal/db/db.go:337.63,345.16 2 1
github.com/mili/moxie/internal/db/db.go:345.16,347.3 1 0
github.com/mili/moxie/internal/db/db.go:348.2,351.18 3 1
github.com/mili/moxie/internal/db/db.go:351.18,353.17 2 1
github.com/mili/moxie/internal/db/db.go:353.17,355.4 1 0
github.com/mili/moxie/internal/db/db.go:356.3,356.28 1 1
github.com/mili/moxie/internal/db/db.go:358.2,358.26 1 1
github.com/mili/moxie/internal/db/db.go:363.47,364.14 1 1
github.com/mili/moxie/internal/db/db.go:364.14,366.3 1 0
github.com/mili/moxie/internal/db/db.go:368.2,374.16 5 1
github.com/mili/moxie/internal/db/db.go:374.16,376.3 1 0
github.com/mili/moxie/internal/db/db.go:378.2,391.12 2 1
github.com/mili/moxie/internal/db/db.go:395.48,398.2 2 1
github.com/mili/moxie/internal/db/db.go:406.61,407.14 1 1
github.com/mili/moxie/internal/db/db.go:407.14,409.3 1 0
github.com/mili/moxie/internal/db/db.go:411.2,423.12 4 1
github.com/mili/moxie/internal/db/db.go:428.72,434.26 3 1
github.com/mili/moxie/internal/db/db.go:434.26,436.3 1 1
github.com/mili/moxie/internal/db/db.go:437.2,437.16 1 1
github.com/mili/moxie/internal/db/db.go:437.16,439.3 1 0
github.com/mili/moxie/internal/db/db.go:440.2,440.15 1 1
github.com/mili/moxie/internal/db/db.go:448.46,452.2 3 1
github.com/mili/moxie/internal/db/db.go:455.48,459.2 3 1
github.com/mili/moxie/internal/db/models.go:38.49,39.20 1 1
github.com/mili/moxie/internal/db/models.go:39.20,41.3 1 1
github.com/mili/moxie/internal/db/models.go:42.2,43.23 2 1
github.com/mili/moxie/internal/db/models.go:47.48,48.28 1 1
github.com/mili/moxie/internal/db/models.go:48.28,50.3 1 0
github.com/mili/moxie/internal/db/models.go:51.2,53.18 3 1
github.com/mili/moxie/internal/db/models.go:57.40,58.16 1 0
github.com/mili/moxie/internal/db/models.go:58.16,60.3 1 0
github.com/mili/moxie/internal/db/models.go:61.2,61.37 1 0
github.com/mili/moxie/internal/db/models.go:66.36,67.13 1 1
github.com/mili/moxie/internal/db/models.go:67.13,69.3 1 0
github.com/mili/moxie/internal/db/models.go:70.2,71.16 2 1
github.com/mili/moxie/internal/db/models.go:71.16,73.3 1 1
github.com/mili/moxie/internal/db/models.go:75.2,76.16 2 0
github.com/mili/moxie/internal/db/models.go:76.16,78.3 1 0
github.com/mili/moxie/internal/db/models.go:79.2,79.20 1 0
github.com/mili/moxie/internal/scraper/associate.go:38.64,41.23 2 1
github.com/mili/moxie/internal/scraper/associate.go:41.23,43.17 2 1
github.com/mili/moxie/internal/scraper/associate.go:43.17,45.4 1 1
github.com/mili/moxie/internal/scraper/associate.go:46.3,47.55 2 1
github.com/mili/moxie/internal/scraper/associate.go:47.55,49.4 1 1
github.com/mili/moxie/internal/scraper/associate.go:50.3,50.18 1 1
github.com/mili/moxie/internal/scraper/associate.go:54.2,55.34 2 1
github.com/mili/moxie/internal/scraper/associate.go:55.34,56.21 1 1
github.com/mili/moxie/internal/scraper/associate.go:56.21,58.4 1 1
github.com/mili/moxie/internal/scraper/associate.go:61.2,62.33 2 1
github.com/mili/moxie/internal/scraper/associate.go:62.33,66.39 2 1
github.com/mili/moxie/internal/scraper/associate.go:66.39,73.12 4 1
github.com/mili/moxie/internal/scraper/associate.go:77.3,79.17 3 0
github.com/mili/moxie/internal/scraper/associate.go:79.17,82.4 1 0
github.com/mili/moxie/internal/scraper/associate.go:83.3,88.29 4 0
github.com/mili/moxie/internal/scraper/associate.go:88.29,89.44 1 0
github.com/mili/moxie/internal/scraper/associate.go:89.44,90.13 1 0
github.com/mili/moxie/internal/scraper/associate.go:92.4,93.25 2 0
github.com/mili/moxie/internal/scraper/associate.go:93.25,96.5 2 0
github.com/mili/moxie/internal/scraper/associate.go:98.3,100.32 2 0
github.com/mili/moxie/internal/scraper/associate.go:104.2,104.48 1 1
github.com/mili/moxie/internal/scraper/associate.go:104.48,107.34 3 1
github.com/mili/moxie/internal/scraper/associate.go:107.34,109.4 1 1
github.com/mili/moxie/internal/scraper/associate.go:110.3,110.34 1 1
github.com/mili/moxie/internal/scraper/associate.go:110.34,112.4 1 1
github.com/mili/moxie/internal/scraper/associate.go:113.3,113.25 1 1
github.com/mili/moxie/internal/scraper/associate.go:116.2,116.21 1 1
github.com/mili/moxie/internal/scraper/associate.go:130.41,165.2 12 1
github.com/mili/moxie/internal/scraper/associate.go:183.63,186.24 3 1
github.com/mili/moxie/internal/scraper/associate.go:186.24,188.3 1 1
github.com/mili/moxie/internal/scraper/associate.go:189.2,189.12 1 1
github.com/mili/moxie/internal/scraper/associate.go:189.12,191.3 1 1
github.com/mili/moxie/internal/scraper/associate.go:192.2,192.28 1 1
github.com/mili/moxie/internal/scraper/associate.go:192.28,195.30 1 1
github.com/mili/moxie/internal/scraper/associate.go:195.30,197.4 1 0
github.com/mili/moxie/internal/scraper/associate.go:198.3,198.14 1 1
github.com/mili/moxie/internal/scraper/associate.go:200.2,200.28 1 1
github.com/mili/moxie/internal/scraper/associate.go:200.28,204.3 1 0
github.com/mili/moxie/internal/scraper/associate.go:206.2,209.28 4 1
github.com/mili/moxie/internal/scraper/associate.go:209.28,210.29 1 1
github.com/mili/moxie/internal/scraper/associate.go:210.29,211.16 1 1
github.com/mili/moxie/internal/scraper/associate.go:211.16,213.10 2 1
github.com/mili/moxie/internal/scraper/associate.go:217.2,217.40 1 1
github.com/mili/moxie/internal/scraper/associate.go:217.40,219.3 1 1
github.com/mili/moxie/internal/scraper/associate.go:220.2,220.12 1 0
github.com/mili/moxie/internal/scraper/associate.go:239.42,242.21 3 1
github.com/mili/moxie/internal/scraper/associate.go:242.21,245.3 2 1
github.com/mili/moxie/internal/scraper/associate.go:247.2,248.16 2 1
github.com/mili/moxie/internal/scraper/associate.go:248.16,250.3 1 0
github.com/mili/moxie/internal/scraper/associate.go:252.2,253.26 2 1
github.com/mili/moxie/internal/scraper/associate.go:253.26,254.42 1 1
github.com/mili/moxie/internal/scraper/associate.go:254.42,255.15 1 1
github.com/mili/moxie/internal/scraper/associate.go:255.15,257.5 1 0
github.com/mili/moxie/internal/scraper/associate.go:260.2,260.14 1 1
github.com/mili/moxie/internal/scraper/cookies.go:15.50,16.21 1 1
github.com/mili/moxie/internal/scraper/cookies.go:16.21,18.3 1 1
github.com/mili/moxie/internal/scraper/cookies.go:20.2,23.29 3 1
github.com/mili/moxie/internal/scraper/cookies.go:23.29,25.17 2 1
github.com/mili/moxie/internal/scraper/cookies.go:25.17,26.12 1 0
github.com/mili/moxie/internal/scraper/cookies.go:28.3,29.16 2 1
github.com/mili/moxie/internal/scraper/cookies.go:29.16,31.12 1 1
github.com/mili/moxie/internal/scraper/cookies.go:33.3,35.17 3 1
github.com/mili/moxie/internal/scraper/cookies.go:35.17,36.12 1 0
github.com/mili/moxie/internal/scraper/cookies.go:38.3,38.64 1 1
github.com/mili/moxie/internal/scraper/cookies.go:41.2,41.15 1 1
github.com/mili/moxie/internal/scraper/nongame.go:35.41,37.47 2 1
github.com/mili/moxie/internal/scraper/nongame.go:37.47,38.62 1 1
github.com/mili/moxie/internal/scraper/nongame.go:38.62,40.4 1 1
github.com/mili/moxie/internal/scraper/nongame.go:42.2,42.14 1 1
github.com/mili/moxie/internal/scraper/nongame.go:48.42,51.22 3 1
github.com/mili/moxie/internal/scraper/nongame.go:51.22,52.25 1 1
github.com/mili/moxie/internal/scraper/nongame.go:52.25,53.18 1 1
github.com/mili/moxie/internal/scraper/nongame.go:53.18,56.5 2 1
github.com/mili/moxie/internal/scraper/nongame.go:57.9,60.4 2 1
github.com/mili/moxie/internal/scraper/nongame.go:62.2,62.38 1 1
github.com/mili/moxie/internal/scraper/parser.go:58.74,60.16 2 1
github.com/mili/moxie/internal/scraper/parser.go:60.16,62.3 1 0
github.com/mili/moxie/internal/scraper/parser.go:64.2,72.67 3 1
github.com/mili/moxie/internal/scraper/parser.go:72.67,74.3 1 1
github.com/mili/moxie/internal/scraper/parser.go:77.2,84.27 4 1
github.com/mili/moxie/internal/scraper/parser.go:84.27,87.3 1 1
github.com/mili/moxie/internal/scraper/parser.go:88.2,98.22 4 1
github.com/mili/moxie/internal/scraper/parser.go:98.22,100.3 1 0
github.com/mili/moxie/internal/scraper/parser.go:101.2,106.16 5 1
github.com/mili/moxie/internal/scraper/parser.go:115.40,117.23 2 1
github.com/mili/moxie/internal/scraper/parser.go:117.23,119.17 2 1
github.com/mili/moxie/internal/scraper/parser.go:119.17,121.4 1 1
github.com/mili/moxie/internal/scraper/parser.go:123.2,123.10 1 1
github.com/mili/moxie/internal/scraper/parser.go:128.41,129.16 1 1
github.com/mili/moxie/internal/scraper/parser.go:129.16,131.3 1 1
github.com/mili/moxie/internal/scraper/parser.go:133.2,134.89 2 1
github.com/mili/moxie/internal/scraper/parser.go:134.89,135.56 1 1
github.com/mili/moxie/internal/scraper/parser.go:135.56,136.44 1 1
github.com/mili/moxie/internal/scraper/parser.go:136.44,138.5 1 1
github.com/mili/moxie/internal/scraper/parser.go:141.2,141.13 1 1
github.com/mili/moxie/internal/scraper/parser.go:146.43,147.16 1 1
github.com/mili/moxie/internal/scraper/parser.go:147.16,149.3 1 1
github.com/mili/moxie/internal/scraper/parser.go:151.2,151.76 1 1
github.com/mili/moxie/internal/scraper/parser.go:151.76,153.24 2 1
github.com/mili/moxie/internal/scraper/parser.go:153.24,155.4 1 1
github.com/mili/moxie/internal/scraper/parser.go:157.2,157.11 1 1
github.com/mili/moxie/internal/scraper/parser.go:172.57,178.25 4 1
github.com/mili/moxie/internal/scraper/parser.go:178.25,180.3 1 1
github.com/mili/moxie/internal/scraper/parser.go:182.2,182.58 1 1
github.com/mili/moxie/internal/scraper/parser.go:182.58,184.3 1 1
github.com/mili/moxie/internal/scraper/parser.go:187.2,189.14 3 1
github.com/mili/moxie/internal/scraper/parser.go:189.14,191.3 1 1
github.com/mili/moxie/internal/scraper/parser.go:192.2,201.38 5 1
github.com/mili/moxie/internal/scraper/parser.go:201.38,202.56 1 1
github.com/mili/moxie/internal/scraper/parser.go:202.56,203.47 1 1
github.com/mili/moxie/internal/scraper/parser.go:203.47,205.5 1 1
github.com/mili/moxie/internal/scraper/parser.go:210.2,214.29 3 1
github.com/mili/moxie/internal/scraper/parser.go:214.29,216.17 2 1
github.com/mili/moxie/internal/scraper/parser.go:216.17,217.12 1 1
github.com/mili/moxie/internal/scraper/parser.go:219.3,220.21 2 1
github.com/mili/moxie/internal/scraper/parser.go:220.21,221.12 1 1
github.com/mili/moxie/internal/scraper/parser.go:224.3,231.33 5 1
github.com/mili/moxie/internal/scraper/parser.go:231.33,232.12 1 0
github.com/mili/moxie/internal/scraper/parser.go:236.3,236.30 1 1
github.com/mili/moxie/internal/scraper/parser.go:236.30,237.61 1 1
github.com/mili/moxie/internal/scraper/parser.go:237.61,239.5 1 1
github.com/mili/moxie/internal/scraper/parser.go:242.3,242.27 1 1
github.com/mili/moxie/internal/scraper/parser.go:245.2,245.13 1 1
github.com/mili/moxie/internal/scraper/parser.go:252.77,253.45 1 1
github.com/mili/moxie/internal/scraper/parser.go:253.45,255.56 1 1
github.com/mili/moxie/internal/scraper/parser.go:255.56,257.4 1 1
github.com/mili/moxie/internal/scraper/parser.go:259.2,259.33 1 1
github.com/mili/moxie/internal/scraper/parser.go:265.79,266.47 1 1
github.com/mili/moxie/internal/scraper/parser.go:266.47,268.3 1 1
github.com/mili/moxie/internal/scraper/parser.go:269.2,269.35 1 1
github.com/mili/moxie/internal/scraper/parser.go:273.50,275.63 2 1
github.com/mili/moxie/internal/scraper/parser.go:275.63,277.16 2 1
github.com/mili/moxie/internal/scraper/parser.go:277.16,279.4 1 1
github.com/mili/moxie/internal/scraper/parser.go:281.2,281.13 1 1
github.com/mili/moxie/internal/scraper/parser.go:288.54,291.27 2 1
github.com/mili/moxie/internal/scraper/parser.go:291.27,293.3 1 1
github.com/mili/moxie/internal/scraper/parser.go:294.2,294.27 1 1
github.com/mili/moxie/internal/scraper/parser.go:294.27,296.3 1 0
github.com/mili/moxie/internal/scraper/parser.go:299.2,300.37 2 1
github.com/mili/moxie/internal/scraper/parser.go:300.37,303.33 3 1
github.com/mili/moxie/internal/scraper/parser.go:303.33,305.4 1 1
github.com/mili/moxie/internal/scraper/parser.go:309.2,310.77 2 0
github.com/mili/moxie/internal/scraper/parser.go:310.77,312.23 2 0
github.com/mili/moxie/internal/scraper/parser.go:312.23,314.4 1 0
github.com/mili/moxie/internal/scraper/parser.go:315.3,315.28 1 0
github.com/mili/moxie/internal/scraper/parser.go:315.28,317.4 1 0
github.com/mili/moxie/internal/scraper/parser.go:319.3,319.56 1 0
github.com/mili/moxie/internal/scraper/parser.go:319.56,320.58 1 0
github.com/mili/moxie/internal/scraper/parser.go:320.58,322.5 1 0
github.com/mili/moxie/internal/scraper/parser.go:324.3,325.15 2 0
github.com/mili/moxie/internal/scraper/parser.go:327.2,327.14 1 0
github.com/mili/moxie/internal/scraper/parser.go:332.39,333.37 1 1
github.com/mili/moxie/internal/scraper/parser.go:333.37,335.3 1 0
github.com/mili/moxie/internal/scraper/parser.go:336.2,336.71 1 1
github.com/mili/moxie/internal/scraper/parser.go:336.71,338.3 1 0
github.com/mili/moxie/internal/scraper/parser.go:339.2,339.13 1 1
github.com/mili/moxie/internal/scraper/parser.go:343.65,345.27 2 1
github.com/mili/moxie/internal/scraper/parser.go:345.27,347.3 1 1
github.com/mili/moxie/internal/scraper/parser.go:348.2,348.27 1 1
github.com/mili/moxie/internal/scraper/parser.go:348.27,350.3 1 0
github.com/mili/moxie/internal/scraper/parser.go:352.2,353.65 2 1
github.com/mili/moxie/internal/scraper/parser.go:353.65,355.24 2 1
github.com/mili/moxie/internal/scraper/parser.go:355.24,357.4 1 0
github.com/mili/moxie/internal/scraper/parser.go:358.3,360.22 3 1
github.com/mili/moxie/internal/scraper/parser.go:360.22,364.4 1 0
github.com/mili/moxie/internal/scraper/parser.go:365.3,369.5 1 1
github.com/mili/moxie/internal/scraper/parser.go:371.2,371.14 1 1
github.com/mili/moxie/internal/scraper/parser.go:386.65,391.27 3 1
github.com/mili/moxie/internal/scraper/parser.go:391.27,393.3 1 1
github.com/mili/moxie/internal/scraper/parser.go:394.2,394.27 1 1
github.com/mili/moxie/internal/scraper/parser.go:394.27,396.3 1 0
github.com/mili/moxie/internal/scraper/parser.go:398.2,398.65 1 1
github.com/mili/moxie/internal/scraper/parser.go:398.65,400.24 2 1
github.com/mili/moxie/internal/scraper/parser.go:400.24,402.4 1 0
github.com/mili/moxie/internal/scraper/parser.go:403.3,405.39 2 1
github.com/mili/moxie/internal/scraper/parser.go:405.39,406.45 1 1
github.com/mili/moxie/internal/scraper/parser.go:406.45,408.44 1 0
github.com/mili/moxie/internal/scraper/parser.go:408.44,410.6 1 0
github.com/mili/moxie/internal/scraper/parser.go:411.5,411.11 1 0
github.com/mili/moxie/internal/scraper/parser.go:416.2,416.14 1 1
github.com/mili/moxie/internal/scraper/parser.go:421.44,423.9 2 1
github.com/mili/moxie/internal/scraper/parser.go:425.42,426.16 1 0
github.com/mili/moxie/internal/scraper/parser.go:427.82,428.22 1 0
github.com/mili/moxie/internal/scraper/parser.go:429.43,430.20 1 0
github.com/mili/moxie/internal/scraper/parser.go:431.47,432.24 1 0
github.com/mili/moxie/internal/scraper/parser.go:433.45,434.22 1 0
github.com/mili/moxie/internal/scraper/parser.go:435.43,436.20 1 0
github.com/mili/moxie/internal/scraper/parser.go:437.42,438.19 1 0
github.com/mili/moxie/internal/scraper/parser.go:439.77,440.18 1 0
github.com/mili/moxie/internal/scraper/parser.go:441.46,442.23 1 0
github.com/mili/moxie/internal/scraper/parser.go:443.41,444.18 1 0
github.com/mili/moxie/internal/scraper/parser.go:445.44,446.21 1 0
github.com/mili/moxie/internal/scraper/parser.go:447.44,448.21 1 0
github.com/mili/moxie/internal/scraper/parser.go:449.42,450.19 1 0
github.com/mili/moxie/internal/scraper/parser.go:451.46,452.22 1 0
github.com/mili/moxie/internal/scraper/parser.go:453.46,454.23 1 0
github.com/mili/moxie/internal/scraper/parser.go:455.45,456.22 1 0
github.com/mili/moxie/internal/scraper/parser.go:457.43,458.20 1 0
github.com/mili/moxie/internal/scraper/parser.go:459.82,460.21 1 0
github.com/mili/moxie/internal/scraper/parser.go:461.81,462.19 1 0
github.com/mili/moxie/internal/scraper/parser.go:463.85,464.21 1 0
github.com/mili/moxie/internal/scraper/parser.go:465.41,466.18 1 0
github.com/mili/moxie/internal/scraper/parser.go:467.94,468.23 1 1
github.com/mili/moxie/internal/scraper/parser.go:469.82,470.19 1 0
github.com/mili/moxie/internal/scraper/parser.go:471.46,472.23 1 0
github.com/mili/moxie/internal/scraper/parser.go:473.44,474.21 1 1
github.com/mili/moxie/internal/scraper/parser.go:475.80,476.16 1 1
github.com/mili/moxie/internal/scraper/parser.go:477.42,478.19 1 0
github.com/mili/moxie/internal/scraper/parser.go:479.45,480.22 1 1
github.com/mili/moxie/internal/scraper/parser.go:481.77,482.23 1 0
github.com/mili/moxie/internal/scraper/parser.go:483.40,484.16 1 0
github.com/mili/moxie/internal/scraper/parser.go:485.41,486.18 1 0
github.com/mili/moxie/internal/scraper/parser.go:487.43,488.20 1 0
github.com/mili/moxie/internal/scraper/parser.go:489.46,490.22 1 0
github.com/mili/moxie/internal/scraper/parser.go:491.44,492.21 1 0
github.com/mili/moxie/internal/scraper/parser.go:493.46,494.23 1 0
github.com/mili/moxie/internal/scraper/parser.go:495.44,496.21 1 0
github.com/mili/moxie/internal/scraper/parser.go:497.45,498.22 1 0
github.com/mili/moxie/internal/scraper/parser.go:499.39,500.16 1 0
github.com/mili/moxie/internal/scraper/parser.go:501.45,502.22 1 0
github.com/mili/moxie/internal/scraper/parser.go:503.45,504.22 1 1
github.com/mili/moxie/internal/scraper/parser.go:505.48,506.25 1 0
github.com/mili/moxie/internal/scraper/parser.go:509.79,510.22 1 1
github.com/mili/moxie/internal/scraper/parser.go:511.79,512.20 1 1
github.com/mili/moxie/internal/scraper/parser.go:513.42,514.19 1 1
github.com/mili/moxie/internal/scraper/parser.go:516.10,517.17 1 1
github.com/mili/moxie/internal/scraper/parser.go:541.38,543.2 1 1
github.com/mili/moxie/internal/scraper/parser.go:548.54,550.23 2 1
github.com/mili/moxie/internal/scraper/parser.go:550.23,552.3 1 1
github.com/mili/moxie/internal/scraper/parser.go:553.2,553.11 1 1
github.com/mili/moxie/internal/scraper/parser.go:559.56,561.25 1 1
github.com/mili/moxie/internal/scraper/parser.go:561.25,563.43 2 1
github.com/mili/moxie/internal/scraper/parser.go:563.43,565.4 1 0
github.com/mili/moxie/internal/scraper/parser.go:569.2,570.26 2 1
github.com/mili/moxie/internal/scraper/parser.go:570.26,572.39 2 1
github.com/mili/moxie/internal/scraper/parser.go:572.39,574.4 1 0
github.com/mili/moxie/internal/scraper/parser.go:577.2,577.11 1 1
github.com/mili/moxie/internal/scraper/scraper.go:32.33,33.22 1 1
github.com/mili/moxie/internal/scraper/scraper.go:34.17,35.92 1 0
github.com/mili/moxie/internal/scraper/scraper.go:36.16,37.96 1 0
github.com/mili/moxie/internal/scraper/scraper.go:38.10,39.82 1 1
github.com/mili/moxie/internal/scraper/scraper.go:49.39,51.2 1 1
github.com/mili/moxie/internal/scraper/scraper.go:64.42,66.2 1 1
github.com/mili/moxie/internal/scraper/scraper.go:71.48,73.2 1 1
github.com/mili/moxie/internal/scraper/scraper.go:78.75,80.29 2 1
github.com/mili/moxie/internal/scraper/scraper.go:80.29,82.3 1 1
github.com/mili/moxie/internal/scraper/scraper.go:83.2,84.18 2 1
github.com/mili/moxie/internal/scraper/scraper.go:84.18,86.3 1 0
github.com/mili/moxie/internal/scraper/scraper.go:87.2,98.3 1 1
github.com/mili/moxie/internal/scraper/scraper.go:101.55,103.12 2 1
github.com/mili/moxie/internal/scraper/scraper.go:103.12,105.3 1 1
github.com/mili/moxie/internal/scraper/scraper.go:106.2,115.3 1 1
github.com/mili/moxie/internal/scraper/scraper.go:119.40,123.2 3 1
github.com/mili/moxie/internal/scraper/scraper.go:128.89,132.56 2 1
github.com/mili/moxie/internal/scraper/scraper.go:132.56,134.10 2 1
github.com/mili/moxie/internal/scraper/scraper.go:135.39,135.39 0 1
github.com/mili/moxie/internal/scraper/scraper.go:136.31,137.35 1 0
github.com/mili/moxie/internal/scraper/scraper.go:139.3,139.14 1 1
github.com/mili/moxie/internal/scraper/scraper.go:143.2,144.23 2 1
github.com/mili/moxie/internal/scraper/scraper.go:144.23,146.3 1 1
github.com/mili/moxie/internal/scraper/scraper.go:147.2,148.23 2 1
github.com/mili/moxie/internal/scraper/scraper.go:148.23,151.10 3 1
github.com/mili/moxie/internal/scraper/scraper.go:152.27,152.27 0 0
github.com/mili/moxie/internal/scraper/scraper.go:153.31,154.35 1 1
github.com/mili/moxie/internal/scraper/scraper.go:156.3,156.14 1 0
github.com/mili/moxie/internal/scraper/scraper.go:158.2,168.16 9 1
github.com/mili/moxie/internal/scraper/scraper.go:168.16,170.3 1 0
github.com/mili/moxie/internal/scraper/scraper.go:173.2,173.45 1 1
github.com/mili/moxie/internal/scraper/scraper.go:173.45,176.3 2 1
github.com/mili/moxie/internal/scraper/scraper.go:179.2,179.28 1 1
github.com/mili/moxie/internal/scraper/scraper.go:179.28,182.27 3 0
github.com/mili/moxie/internal/scraper/scraper.go:182.27,184.4 1 0
github.com/mili/moxie/internal/scraper/scraper.go:185.3,190.4 3 0
github.com/mili/moxie/internal/scraper/scraper.go:194.2,196.24 3 1
github.com/mili/moxie/internal/scraper/scraper.go:196.24,198.3 1 1
github.com/mili/moxie/internal/scraper/scraper.go:199.2,201.18 2 1
github.com/mili/moxie/internal/scraper/scraper.go:207.58,208.25 1 1
github.com/mili/moxie/internal/scraper/scraper.go:209.11,210.64 1 0
github.com/mili/moxie/internal/scraper/scraper.go:211.11,215.4 1 1
github.com/mili/moxie/internal/scraper/scraper.go:216.11,220.4 1 1
github.com/mili/moxie/internal/scraper/scraper.go:224.2,226.16 3 1
github.com/mili/moxie/internal/scraper/scraper.go:226.16,228.3 1 0
github.com/mili/moxie/internal/scraper/scraper.go:230.2,233.44 2 1
github.com/mili/moxie/internal/scraper/scraper.go:233.44,238.3 1 0
github.com/mili/moxie/internal/scraper/scraper.go:241.2,242.12 2 1
github.com/mili/moxie/internal/scraper/scraper.go:246.70,247.21 1 1
github.com/mili/moxie/internal/scraper/scraper.go:247.21,249.3 1 1
github.com/mili/moxie/internal/scraper/scraper.go:251.2,252.16 2 1
github.com/mili/moxie/internal/scraper/scraper.go:252.16,254.3 1 1
github.com/mili/moxie/internal/scraper/scraper.go:256.2,257.16 2 0
github.com/mili/moxie/internal/scraper/scraper.go:257.16,259.3 1 0
github.com/mili/moxie/internal/scraper/scraper.go:260.2,262.38 2 0
github.com/mili/moxie/internal/scraper/scraper.go:262.38,264.3 1 0
github.com/mili/moxie/internal/scraper/scraper.go:266.2,267.16 2 0
github.com/mili/moxie/internal/scraper/scraper.go:267.16,269.3 1 0
github.com/mili/moxie/internal/scraper/scraper.go:271.2,272.16 2 0
github.com/mili/moxie/internal/scraper/scraper.go:272.16,274.3 1 0
github.com/mili/moxie/internal/scraper/scraper.go:276.2,276.16 1 0
github.com/mili/moxie/internal/scraper/scraper.go:288.81,289.26 1 1
github.com/mili/moxie/internal/scraper/scraper.go:289.26,290.59 1 1
github.com/mili/moxie/internal/scraper/scraper.go:290.59,292.4 1 0
github.com/mili/moxie/internal/scraper/scraper.go:292.9,294.4 1 1
github.com/mili/moxie/internal/scraper/scraper.go:296.2,296.32 1 1
github.com/mili/moxie/internal/scraper/search.go:23.70,24.17 1 0
github.com/mili/moxie/internal/scraper/search.go:24.17,26.3 1 0
github.com/mili/moxie/internal/scraper/search.go:28.2,32.16 3 0
github.com/mili/moxie/internal/scraper/search.go:32.16,34.3 1 0
github.com/mili/moxie/internal/scraper/search.go:36.2,37.16 2 0
github.com/mili/moxie/internal/scraper/search.go:37.16,39.3 1 0
github.com/mili/moxie/internal/scraper/search.go:40.2,42.38 2 0
github.com/mili/moxie/internal/scraper/search.go:42.38,44.3 1 0
github.com/mili/moxie/internal/scraper/search.go:46.2,47.16 2 0
github.com/mili/moxie/internal/scraper/search.go:47.16,49.3 1 0
github.com/mili/moxie/internal/scraper/search.go:51.2,51.46 1 0
github.com/mili/moxie/internal/scraper/search.go:56.53,58.16 2 1
github.com/mili/moxie/internal/scraper/search.go:58.16,60.3 1 0
github.com/mili/moxie/internal/scraper/search.go:62.2,63.67 2 1
github.com/mili/moxie/internal/scraper/search.go:63.67,64.13 1 1
github.com/mili/moxie/internal/scraper/search.go:64.13,66.4 1 1
github.com/mili/moxie/internal/scraper/search.go:68.3,70.10 3 1
github.com/mili/moxie/internal/scraper/search.go:70.10,72.4 1 1
github.com/mili/moxie/internal/scraper/search.go:73.3,74.18 2 1
github.com/mili/moxie/internal/scraper/search.go:74.18,76.4 1 0
github.com/mili/moxie/internal/scraper/search.go:79.3,80.35 2 1
github.com/mili/moxie/internal/scraper/search.go:80.35,82.4 1 1
github.com/mili/moxie/internal/scraper/search.go:84.3,85.67 2 1
github.com/mili/moxie/internal/scraper/search.go:85.67,87.4 1 1
github.com/mili/moxie/internal/scraper/search.go:89.3,93.5 1 1
github.com/mili/moxie/internal/scraper/search.go:96.2,96.22 1 1
github.com/mili/moxie/internal/scraper/search.go:96.22,98.3 1 0
github.com/mili/moxie/internal/scraper/search.go:100.2,100.16 1 1
